frame_position,segment_start,gemini_frame_insight,oss_frame_insight,gemini_frame_cost,native_video_insight,gemini_orchestrated_insight,oss_insight,fal_insight,nova_insight,native_cost,gemini_orchestrated_cost,oss_cost,fal_cost,nova_cost,cost_delta_native_vs_gemini
5320.0,0.0,"This keyframe at 5.3 seconds shows a man with dark, curly hair and a mustache in the foreground, facing right in profile, appearing to be sweating. He wears a light-colored, open-collared shirt and has an intense or focused expression while in what looks like a busy office or professional environment, with blurred figures visible in the background. The top left corner displays a ""BINGE SOCIETY"" logo, while the bottom of the frame has copyright text: ""© 2006 Columbia Pictures Industries, Inc. and GH One LLC. All Rights Reserved,"" and a speaker icon is visible in the top right. This appears to be a scene from a film or TV show, rather than an interview or meeting.","At 5.3 seconds, the keyframe shows a man with short, dark hair and a mustache, wearing a light-colored shirt. He appears to be in a professional setting, possibly an office, with other people in the background. The man is looking to his left, and his expression is serious. There is no visible text or signage in the frame. The setting is modern and well-lit, suggesting a corporate environment. The man's facial expression and body language suggest he is engaged in a serious conversation or listening intently. The overall tone of the scene is professional and focused.",0.0007754999999999999,"This video clip from ""The Pursuit of Happyness"" features Chris Gardner (Will Smith) attending a job interview with several executives, most notably Jay.

**Main Activities:**
1.  **Arrival and Explanation:** Chris, visibly sweaty and disheveled, rushes into the professional office and then into a conference room, where several suited men are waiting for his interview. He immediately addresses his appearance, confessing he was arrested for unpaid parking tickets and had to run from the police station after painting his apartment, thus appearing in his current state.
2.  **Interview Questions:** The interviewers probe Chris about his background, his determination (as vouched for by Jay), and his intelligence. Chris confidently asserts his ability to find answers even if he doesn't know them initially.
3.  **Humorous Exchange:** The lead interviewer, Jay, poses a hypothetical question: ""What would you say if a guy walked in for an interview without a shirt on... and I hired him?"" After a pause, Chris cleverly replies, ""He must've had on some really nice pants,"" which makes the entire panel erupt in laughter.
4.  **Job Offer Discussion:** After the interview, as Chris is leaving, Jay praises him for his performance despite his appearance and tells him he can call him Jay. Chris then, to Jay's surprise, says he'll ""let him know"" about the job. Chris clarifies his hesitation, revealing he was unaware the internship was unpaid, and he needs to ensure he can support himself.
5.  **Final Exchange:** A tense but humorous exchange follows where Jay emphasizes that if Chris backs out, he'll look bad to the partners. Chris finishes Jay's sentence with a bleeped expletive (""an ass***""), and Jay, though frustrated, ultimately calls Chris ""a piece of work"" with a smile, still pushing for a decision by ""tonight.""

**Speakers:**
*   **Chris Gardner (Will Smith):** The job applicant, who explains his situation, answers questions, and delivers witty remarks.
*   **Jay (the main interviewer):** A senior executive who leads the interview, asks pointed questions, and ultimately offers Chris the position.
*   **Other Executives:** Several other suited men are present on the interview panel, asking follow-up questions and reacting to Chris's responses.
*   **Female Assistant:** Briefly introduces Chris at the start.

**Visual Events:**
*   Chris's sweaty, worn appearance contrasts sharply with the sleek, professional office and the executives' crisp suits.
*   The camera frequently cuts between Chris's expressive face and the reactions (surprise, amusement, eventual admiration) of the interview panel.
*   The wide shots of the conference room emphasize the formality of the situation against Chris's informality.
*   The laughter from the panel after Chris's joke marks a turning point in the interview's tone.
*   The final close-ups of Chris and Jay show their direct, slightly confrontational, but ultimately respectful and humorous exchange.","The video details a pivotal job interview and its immediate aftermath, revolving around Chris Gardner's determined pursuit of a position as a stockbroker trainee despite challenging circumstances. The narrative unfolds through a series of intense dialogues and observations within a professional office environment.

**Main Activities:**
1.  Chris Gardner undergoes a high-stakes job interview for a stockbroker trainee position, explaining his unconventional attire.
2.  The interviewers question Chris about his background, determination, and ability to learn the business.
3.  A comedic exchange regarding a hypothetical interviewee without a shirt lightens the mood.
4.  Chris is informally offered the trainee position, leading to a moment of unexpected hesitation due to its unpaid nature.
5.  An intense discussion ensues between one of the interviewers and his colleague about securing Chris's acceptance.

**Speakers:**
*   **Speaker 1:** An interviewer, likely a partner or senior manager, who primarily questions Chris and later discusses Chris with Jay.
*   **Speaker 2:** Chris Gardner, the determined job applicant.
*   **Speaker 3:** Jay, another interviewer or colleague of Speaker 1, who initially vouches for Chris and later expresses concern about Chris accepting the offer.

**Visual Events:**
*   **0:00-15.91s:** The video opens with a man, presumably Chris Gardner, looking intense and sweating, possibly rushing or under duress. He is seen with dark, curly hair and a mustache, wearing a light-colored, open-collared shirt. The setting is a busy office or professional environment with blurred figures in the background. The visual establishes a sense of urgency before the interview truly begins.
*   **15.92-26.55s:** Chris Gardner, now appearing more composed but still earnest, is visible from the chest up, moving towards the right against a backdrop of vertical grey panels, dressed in a grey jacket over a white undershirt. This transitions into a key scene where three men in suits, including Chris, are seated around a conference table in a high-rise office with large windows overlooking a city skyline, setting a formal business tone for the interview.
*   **26.56-58.43s:** Chris, resembling Will Smith, is animated and speaking with an open-mouthed expression, dressed in his grey jacket and white tank top in what appears to be a modern office. He gestures actively with both hands while explaining his situation to the group of five men in suits. The atmosphere is professional and serious, but Chris's energetic delivery adds a dynamic element. The interviewers listen with mostly neutral expressions.
*   **58.44-79.67s:** The scene remains focused on the interview within the modern office. The man on the left in a pinstripe suit reacts with a possibly surprised expression, aligning with his dialogue. An older man in a dark suit sits beside him, attentive. The keyframes continue to show the men in their formal setting, with Chris maintaining an earnest and focused demeanor as he answers questions.
*   **79.68-122.15s:** The interview continues, with Chris maintaining a serious expression as he looks towards the interviewers. The back of a person with white hair is visible in the foreground, opposite Chris, indicating an ongoing conversation. One of the interviewers, an older man with white hair, looks down at a document, asking questions about Chris's academic background. Chris's hands are clasped on the table, showing his focus.
*   **122.16-175.27s:** Chris, with a mustache and goatee, is visible from the chest up, maintaining a serious and earnest expression. The setting remains an office or interview room, with blurred figures and glass partitions in the background. His hands are clasped on the table. A comedic turning point occurs at this stage. Speaker 1 asks, ""Chris, what would you say if a guy walked in for an interview without a shirt on? And I hired him, what would you say?"" Chris, after a deliberate pause, delivers the humorous line, ""He must have had on some really nice pants,"" changing the mood from serious to lighthearted and eliciting an audible reaction (""Oh."") from Speaker 3 (Jay). Chris is then seen with a slight smile or smirk, looking confident.
*   **175.28-249.63s:** Following the interview, Chris, wearing his grey jacket, is seen with a slight smile, looking towards an out-of-focus person. Jay (Speaker 3) praises Chris: ""I don't know how you did it dressed as a garbage man, but you really pulled it off in there."" Chris thanks him, and Jay tells him to call him by his first name. Speaker 1 then attempts to informally offer Chris the position, saying, ""All right, we'll talk to you soon."" Chris misunderstands, replying, ""I'll let you know, Jay."" Speaker 1 clarifies, ""You'll you'll let me know, Jay."" Chris, confused, asks, ""What do you mean?"" Speaker 1 says, ""Yeah, I'll I'll give you a call tomorrow sometime and,"" but then immediately states, ""Listen. There's no salary."" This is a significant emotional turning point, as Chris's face shifts to a pensive, furrowed expression, and he expresses concern: ""No. I was not aware of that. My circumstances have changed some and I I need to be certain that I'll be able to Okay. Okay."" The scene shifts to Speaker 1 in a pinstripe suit, earnestly speaking in what appears to be a hallway, discussing Chris with Jay. Speaker 1 stresses, ""Tonight, I swear I will fill your spot. I promise."" Jay then expresses his frustration, warning Speaker 1 about the partners' perception if Chris backs out: ""You don't look like if you back out, you know what I'll look like to the partners?"" Speaker 1 responds directly, ""Yes, an ass."" Jay confirms, ""Yeah, an ass. All the way."" Jay concludes, ""You are a piece of work,"" emphasizing the intensity of the situation. The visual shows Speaker 1 with a serious and direct expression, facing the camera, while Jay's back is visible. Speaker 1's final word in the transcript is ""Tonight.""
*   **249.64-255.0s (End):** The video concludes visually with a brightly colored end screen graphic featuring a hot pink background. A white ""BINGE SOCIETY"" logo, resembling a film clapperboard, is in the upper center, flanked by two yellow rectangular video placeholders. ""SUBSCRIBE"" is prominently displayed in white at the bottom, followed by white social media icons for Instagram, Facebook, and Twitter. This is a static call-to-action screen, devoid of people or further narrative content.","**Main Activities:**
1. Chris Gardner arrives at the office, dressed in a casual outfit and explaining his presence.
2. A discussion about Gardner's background and qualities begins with colleagues expressing admiration for his earnestness and diligence.
3. The conversation shifts to Gardner’s recent arrest due to failure to pay parking tickets.
4. Colleagues discuss Gardner’s determination and intelligence, noting he has been seen multiple times at the office.
5. Gardner shares a story about being first in class during school days and in military training.
6. The video ends with a humorous exchange where Jay offers to fill Gardner's spot for an interview.

**Speakers:**
- SPEAKER_00: Chris Gardner
- SPEAKER_01: Jay (a colleague)
- SPEAKER_02: Mr. Twistle (likely another colleague)

**Visual Events:**
- [5.32s - 16.3s] OSS-VLM shows a man with short, dark hair and a mustache in a professional setting.
- [15.92s - 28.7s] A man standing in a room speaks or reacts to something off-camera.
- [26.56s - 48.8s] Two men seated at a conference table discuss, with one speaking and gesturing.
- [37.7s - 59.6s] A man stands in a modern office setting explaining his situation.
- [57.0s - 122.16s] Multiple scenes show three or more men engaged in discussions around tables.
- [143.40s - 180.9s] A man with a mustache, wearing a grey jacket, sits at a table and speaks to someone off-camera.
- [175.28s - 217.76s] Scenes show men in suits speaking or listening attentively.
- [249.64s - 255.0s] The video transitions to a static end screen with the ""Binge Society"" logo.

The emotional and comedic turning points are evident when Jay mentions that Gardner was arrested for failure to pay parking tickets, which shifts the mood from professional admiration to humor:

- [57.0s - 63.4s]
SPEAKER_01: And I ran all the way here from the Polk station, the police station.
SPEAKER_02: Chris, what would you say if a guy walked in for an interview without a shirt on?
- [185.9s - 232.5s]
SPEAKER_02: Chris, I don't know how you did it dressed as a garbage man, but you really pulled it off in there.
SPEAKER_02: You are a piece of work.

The video ends visually with the static end screen featuring the vibrant pink background and ""Binge Society"" logo.","This video features a memorable scene from the movie ""The Pursuit of Happyness.""

**Main Activities:**
The central activity is a job interview. Chris Gardner (played by Will Smith), dressed casually, arrives for an interview with several men in suits. He explains his appearance by confessing to being arrested for unpaid parking tickets. He then proceeds to answer questions about his determination and intellect, trying to impress the interviewers.

**Speakers:**
*   **Chris Gardner (Will Smith):** He is the main speaker, explaining his situation and answering questions with a mix of sincerity, wit, and determination. He acknowledges his less-than-ideal appearance and shares personal anecdotes to demonstrate his qualities.
*   **Interviewers:** There are four interviewers, dressed in suits. Two of them, particularly an older gentleman with white hair and a younger man with a patterned tie, actively question Chris. They initially appear skeptical but seem increasingly impressed by his responses.

**Visual Events:**
*   **Chris's Entrance:** Chris initially appears disheveled, running into the busy office area. He is visibly out of place among the smartly dressed professionals.
*   **The Interview Setting:** The interview takes place in a modern, well-lit office with large windows overlooking a city skyline. The interviewers are seated at a long, polished table.
*   **Chris's Demeanor:** Despite his appearance and the challenging questions, Chris maintains eye contact, speaks clearly, and uses expressive hand gestures, conveying his earnestness and intelligence.
*   **Reactions of Interviewers:** The interviewers' expressions shift from initial skepticism and amusement to attentiveness and increasing admiration as Chris speaks. They exchange glances, indicating their assessment of him.
*   **Subtle Humor:** There's a subtle comedic element, particularly when Chris admits to being arrested for parking tickets and states he was painting his apartment, leading to a quick exchange about whether it's dry now.

In essence, the video captures a critical moment where Chris Gardner, against all odds and appearances, attempts to secure a life-changing opportunity through sheer determination and honesty during a high-stakes job interview.","Answer: The video starts with a man standing in a busy office, observing people working. He then walks into a conference room where several men are seated. He shakes hands with a man named Chris Gardner, who is dressed formally. They sit down, and the man explains that he was arrested for failing to pay parking tickets. He then begins to interview the seated men, asking them questions about their business and their interest in hiring him. The men seem skeptical but eventually agree to hire him. The man then enters a courtroom where a judge is seated. He addresses the judge and expresses his gratitude for the opportunity. The video ends with a call to action to subscribe to a YouTube channel called Binge Society.",0.1138305,0.0386295,0.0,0.24,0.060018400000000006,0.075201
15920.0,0.0,"In this keyframe, a Black man with a serious expression and an open mouth, suggesting he is speaking, is visible from the chest up, moving towards the right against a backdrop of vertical grey panels or window blinds. He is wearing a grey jacket over a white undershirt. The top-left corner features a ""BINGE SOCIETY"" logo, while the bottom of the frame displays a copyright notice: ""© 2006 Columbia Pictures Industries, Inc. and GH One LLC. All Rights Reserved."" This appears to be a scene from a movie or television show.","At 15.9 seconds, a man is seen standing in a room with light-colored curtains in the background. He is wearing a gray jacket over a white shirt and appears to be speaking or reacting to something off-camera. His facial expression suggests he is engaged in a serious conversation. The setting is minimalistic, with no visible text or signage, and the emotional tone is serious. The scene does not appear to be an interview, meeting, or conversation but rather a moment of dialogue or reaction.",0.0007289999999999999,"This video clip from ""The Pursuit of Happyness"" features Chris Gardner (Will Smith) attending a job interview with several executives, most notably Jay.

**Main Activities:**
1.  **Arrival and Explanation:** Chris, visibly sweaty and disheveled, rushes into the professional office and then into a conference room, where several suited men are waiting for his interview. He immediately addresses his appearance, confessing he was arrested for unpaid parking tickets and had to run from the police station after painting his apartment, thus appearing in his current state.
2.  **Interview Questions:** The interviewers probe Chris about his background, his determination (as vouched for by Jay), and his intelligence. Chris confidently asserts his ability to find answers even if he doesn't know them initially.
3.  **Humorous Exchange:** The lead interviewer, Jay, poses a hypothetical question: ""What would you say if a guy walked in for an interview without a shirt on... and I hired him?"" After a pause, Chris cleverly replies, ""He must've had on some really nice pants,"" which makes the entire panel erupt in laughter.
4.  **Job Offer Discussion:** After the interview, as Chris is leaving, Jay praises him for his performance despite his appearance and tells him he can call him Jay. Chris then, to Jay's surprise, says he'll ""let him know"" about the job. Chris clarifies his hesitation, revealing he was unaware the internship was unpaid, and he needs to ensure he can support himself.
5.  **Final Exchange:** A tense but humorous exchange follows where Jay emphasizes that if Chris backs out, he'll look bad to the partners. Chris finishes Jay's sentence with a bleeped expletive (""an ass***""), and Jay, though frustrated, ultimately calls Chris ""a piece of work"" with a smile, still pushing for a decision by ""tonight.""

**Speakers:**
*   **Chris Gardner (Will Smith):** The job applicant, who explains his situation, answers questions, and delivers witty remarks.
*   **Jay (the main interviewer):** A senior executive who leads the interview, asks pointed questions, and ultimately offers Chris the position.
*   **Other Executives:** Several other suited men are present on the interview panel, asking follow-up questions and reacting to Chris's responses.
*   **Female Assistant:** Briefly introduces Chris at the start.

**Visual Events:**
*   Chris's sweaty, worn appearance contrasts sharply with the sleek, professional office and the executives' crisp suits.
*   The camera frequently cuts between Chris's expressive face and the reactions (surprise, amusement, eventual admiration) of the interview panel.
*   The wide shots of the conference room emphasize the formality of the situation against Chris's informality.
*   The laughter from the panel after Chris's joke marks a turning point in the interview's tone.
*   The final close-ups of Chris and Jay show their direct, slightly confrontational, but ultimately respectful and humorous exchange.","The video details a pivotal job interview and its immediate aftermath, revolving around Chris Gardner's determined pursuit of a position as a stockbroker trainee despite challenging circumstances. The narrative unfolds through a series of intense dialogues and observations within a professional office environment.

**Main Activities:**
1.  Chris Gardner undergoes a high-stakes job interview for a stockbroker trainee position, explaining his unconventional attire.
2.  The interviewers question Chris about his background, determination, and ability to learn the business.
3.  A comedic exchange regarding a hypothetical interviewee without a shirt lightens the mood.
4.  Chris is informally offered the trainee position, leading to a moment of unexpected hesitation due to its unpaid nature.
5.  An intense discussion ensues between one of the interviewers and his colleague about securing Chris's acceptance.

**Speakers:**
*   **Speaker 1:** An interviewer, likely a partner or senior manager, who primarily questions Chris and later discusses Chris with Jay.
*   **Speaker 2:** Chris Gardner, the determined job applicant.
*   **Speaker 3:** Jay, another interviewer or colleague of Speaker 1, who initially vouches for Chris and later expresses concern about Chris accepting the offer.

**Visual Events:**
*   **0:00-15.91s:** The video opens with a man, presumably Chris Gardner, looking intense and sweating, possibly rushing or under duress. He is seen with dark, curly hair and a mustache, wearing a light-colored, open-collared shirt. The setting is a busy office or professional environment with blurred figures in the background. The visual establishes a sense of urgency before the interview truly begins.
*   **15.92-26.55s:** Chris Gardner, now appearing more composed but still earnest, is visible from the chest up, moving towards the right against a backdrop of vertical grey panels, dressed in a grey jacket over a white undershirt. This transitions into a key scene where three men in suits, including Chris, are seated around a conference table in a high-rise office with large windows overlooking a city skyline, setting a formal business tone for the interview.
*   **26.56-58.43s:** Chris, resembling Will Smith, is animated and speaking with an open-mouthed expression, dressed in his grey jacket and white tank top in what appears to be a modern office. He gestures actively with both hands while explaining his situation to the group of five men in suits. The atmosphere is professional and serious, but Chris's energetic delivery adds a dynamic element. The interviewers listen with mostly neutral expressions.
*   **58.44-79.67s:** The scene remains focused on the interview within the modern office. The man on the left in a pinstripe suit reacts with a possibly surprised expression, aligning with his dialogue. An older man in a dark suit sits beside him, attentive. The keyframes continue to show the men in their formal setting, with Chris maintaining an earnest and focused demeanor as he answers questions.
*   **79.68-122.15s:** The interview continues, with Chris maintaining a serious expression as he looks towards the interviewers. The back of a person with white hair is visible in the foreground, opposite Chris, indicating an ongoing conversation. One of the interviewers, an older man with white hair, looks down at a document, asking questions about Chris's academic background. Chris's hands are clasped on the table, showing his focus.
*   **122.16-175.27s:** Chris, with a mustache and goatee, is visible from the chest up, maintaining a serious and earnest expression. The setting remains an office or interview room, with blurred figures and glass partitions in the background. His hands are clasped on the table. A comedic turning point occurs at this stage. Speaker 1 asks, ""Chris, what would you say if a guy walked in for an interview without a shirt on? And I hired him, what would you say?"" Chris, after a deliberate pause, delivers the humorous line, ""He must have had on some really nice pants,"" changing the mood from serious to lighthearted and eliciting an audible reaction (""Oh."") from Speaker 3 (Jay). Chris is then seen with a slight smile or smirk, looking confident.
*   **175.28-249.63s:** Following the interview, Chris, wearing his grey jacket, is seen with a slight smile, looking towards an out-of-focus person. Jay (Speaker 3) praises Chris: ""I don't know how you did it dressed as a garbage man, but you really pulled it off in there."" Chris thanks him, and Jay tells him to call him by his first name. Speaker 1 then attempts to informally offer Chris the position, saying, ""All right, we'll talk to you soon."" Chris misunderstands, replying, ""I'll let you know, Jay."" Speaker 1 clarifies, ""You'll you'll let me know, Jay."" Chris, confused, asks, ""What do you mean?"" Speaker 1 says, ""Yeah, I'll I'll give you a call tomorrow sometime and,"" but then immediately states, ""Listen. There's no salary."" This is a significant emotional turning point, as Chris's face shifts to a pensive, furrowed expression, and he expresses concern: ""No. I was not aware of that. My circumstances have changed some and I I need to be certain that I'll be able to Okay. Okay."" The scene shifts to Speaker 1 in a pinstripe suit, earnestly speaking in what appears to be a hallway, discussing Chris with Jay. Speaker 1 stresses, ""Tonight, I swear I will fill your spot. I promise."" Jay then expresses his frustration, warning Speaker 1 about the partners' perception if Chris backs out: ""You don't look like if you back out, you know what I'll look like to the partners?"" Speaker 1 responds directly, ""Yes, an ass."" Jay confirms, ""Yeah, an ass. All the way."" Jay concludes, ""You are a piece of work,"" emphasizing the intensity of the situation. The visual shows Speaker 1 with a serious and direct expression, facing the camera, while Jay's back is visible. Speaker 1's final word in the transcript is ""Tonight.""
*   **249.64-255.0s (End):** The video concludes visually with a brightly colored end screen graphic featuring a hot pink background. A white ""BINGE SOCIETY"" logo, resembling a film clapperboard, is in the upper center, flanked by two yellow rectangular video placeholders. ""SUBSCRIBE"" is prominently displayed in white at the bottom, followed by white social media icons for Instagram, Facebook, and Twitter. This is a static call-to-action screen, devoid of people or further narrative content.","**Main Activities:**
1. Chris Gardner arrives at the office, dressed in a casual outfit and explaining his presence.
2. A discussion about Gardner's background and qualities begins with colleagues expressing admiration for his earnestness and diligence.
3. The conversation shifts to Gardner’s recent arrest due to failure to pay parking tickets.
4. Colleagues discuss Gardner’s determination and intelligence, noting he has been seen multiple times at the office.
5. Gardner shares a story about being first in class during school days and in military training.
6. The video ends with a humorous exchange where Jay offers to fill Gardner's spot for an interview.

**Speakers:**
- SPEAKER_00: Chris Gardner
- SPEAKER_01: Jay (a colleague)
- SPEAKER_02: Mr. Twistle (likely another colleague)

**Visual Events:**
- [5.32s - 16.3s] OSS-VLM shows a man with short, dark hair and a mustache in a professional setting.
- [15.92s - 28.7s] A man standing in a room speaks or reacts to something off-camera.
- [26.56s - 48.8s] Two men seated at a conference table discuss, with one speaking and gesturing.
- [37.7s - 59.6s] A man stands in a modern office setting explaining his situation.
- [57.0s - 122.16s] Multiple scenes show three or more men engaged in discussions around tables.
- [143.40s - 180.9s] A man with a mustache, wearing a grey jacket, sits at a table and speaks to someone off-camera.
- [175.28s - 217.76s] Scenes show men in suits speaking or listening attentively.
- [249.64s - 255.0s] The video transitions to a static end screen with the ""Binge Society"" logo.

The emotional and comedic turning points are evident when Jay mentions that Gardner was arrested for failure to pay parking tickets, which shifts the mood from professional admiration to humor:

- [57.0s - 63.4s]
SPEAKER_01: And I ran all the way here from the Polk station, the police station.
SPEAKER_02: Chris, what would you say if a guy walked in for an interview without a shirt on?
- [185.9s - 232.5s]
SPEAKER_02: Chris, I don't know how you did it dressed as a garbage man, but you really pulled it off in there.
SPEAKER_02: You are a piece of work.

The video ends visually with the static end screen featuring the vibrant pink background and ""Binge Society"" logo.","This video features a memorable scene from the movie ""The Pursuit of Happyness.""

**Main Activities:**
The central activity is a job interview. Chris Gardner (played by Will Smith), dressed casually, arrives for an interview with several men in suits. He explains his appearance by confessing to being arrested for unpaid parking tickets. He then proceeds to answer questions about his determination and intellect, trying to impress the interviewers.

**Speakers:**
*   **Chris Gardner (Will Smith):** He is the main speaker, explaining his situation and answering questions with a mix of sincerity, wit, and determination. He acknowledges his less-than-ideal appearance and shares personal anecdotes to demonstrate his qualities.
*   **Interviewers:** There are four interviewers, dressed in suits. Two of them, particularly an older gentleman with white hair and a younger man with a patterned tie, actively question Chris. They initially appear skeptical but seem increasingly impressed by his responses.

**Visual Events:**
*   **Chris's Entrance:** Chris initially appears disheveled, running into the busy office area. He is visibly out of place among the smartly dressed professionals.
*   **The Interview Setting:** The interview takes place in a modern, well-lit office with large windows overlooking a city skyline. The interviewers are seated at a long, polished table.
*   **Chris's Demeanor:** Despite his appearance and the challenging questions, Chris maintains eye contact, speaks clearly, and uses expressive hand gestures, conveying his earnestness and intelligence.
*   **Reactions of Interviewers:** The interviewers' expressions shift from initial skepticism and amusement to attentiveness and increasing admiration as Chris speaks. They exchange glances, indicating their assessment of him.
*   **Subtle Humor:** There's a subtle comedic element, particularly when Chris admits to being arrested for parking tickets and states he was painting his apartment, leading to a quick exchange about whether it's dry now.

In essence, the video captures a critical moment where Chris Gardner, against all odds and appearances, attempts to secure a life-changing opportunity through sheer determination and honesty during a high-stakes job interview.","Answer: The video starts with a man standing in a busy office, observing people working. He then walks into a conference room where several men are seated. He shakes hands with a man named Chris Gardner, who is dressed formally. They sit down, and the man explains that he was arrested for failing to pay parking tickets. He then begins to interview the seated men, asking them questions about their business and their interest in hiring him. The men seem skeptical but eventually agree to hire him. The man then enters a courtroom where a judge is seated. He addresses the judge and expresses his gratitude for the opportunity. The video ends with a call to action to subscribe to a YouTube channel called Binge Society.",0.1138305,0.0386295,0.0,0.24,0.060018400000000006,0.075201
26560.0,0.0,"This keyframe captures three men in suits seated around a conference table during what appears to be a professional meeting. The setting is a high-rise office with large windows offering a view of a city skyline and water, suggesting a formal business environment. The man on the left has a somewhat serious or concerned expression, while the older man on the right looks down at documents on the table, with his hand resting on a stack of yellow notes, contributing to a focused and serious emotional tone. The ""BINGE SOCIETY"" logo is visible in the top left, and copyright information is displayed at the bottom.","At 26.6 seconds, the keyframe shows two men seated at a conference table in a modern office setting. The man on the left, dressed in a gray suit, is speaking while gesturing with his right hand, while the man on the right, in a black suit with a pink tie, listens attentively. The background features large windows with a view of a cityscape, and the atmosphere suggests a serious business meeting or interview.",0.0007335,"This video clip from ""The Pursuit of Happyness"" features Chris Gardner (Will Smith) attending a job interview with several executives, most notably Jay.

**Main Activities:**
1.  **Arrival and Explanation:** Chris, visibly sweaty and disheveled, rushes into the professional office and then into a conference room, where several suited men are waiting for his interview. He immediately addresses his appearance, confessing he was arrested for unpaid parking tickets and had to run from the police station after painting his apartment, thus appearing in his current state.
2.  **Interview Questions:** The interviewers probe Chris about his background, his determination (as vouched for by Jay), and his intelligence. Chris confidently asserts his ability to find answers even if he doesn't know them initially.
3.  **Humorous Exchange:** The lead interviewer, Jay, poses a hypothetical question: ""What would you say if a guy walked in for an interview without a shirt on... and I hired him?"" After a pause, Chris cleverly replies, ""He must've had on some really nice pants,"" which makes the entire panel erupt in laughter.
4.  **Job Offer Discussion:** After the interview, as Chris is leaving, Jay praises him for his performance despite his appearance and tells him he can call him Jay. Chris then, to Jay's surprise, says he'll ""let him know"" about the job. Chris clarifies his hesitation, revealing he was unaware the internship was unpaid, and he needs to ensure he can support himself.
5.  **Final Exchange:** A tense but humorous exchange follows where Jay emphasizes that if Chris backs out, he'll look bad to the partners. Chris finishes Jay's sentence with a bleeped expletive (""an ass***""), and Jay, though frustrated, ultimately calls Chris ""a piece of work"" with a smile, still pushing for a decision by ""tonight.""

**Speakers:**
*   **Chris Gardner (Will Smith):** The job applicant, who explains his situation, answers questions, and delivers witty remarks.
*   **Jay (the main interviewer):** A senior executive who leads the interview, asks pointed questions, and ultimately offers Chris the position.
*   **Other Executives:** Several other suited men are present on the interview panel, asking follow-up questions and reacting to Chris's responses.
*   **Female Assistant:** Briefly introduces Chris at the start.

**Visual Events:**
*   Chris's sweaty, worn appearance contrasts sharply with the sleek, professional office and the executives' crisp suits.
*   The camera frequently cuts between Chris's expressive face and the reactions (surprise, amusement, eventual admiration) of the interview panel.
*   The wide shots of the conference room emphasize the formality of the situation against Chris's informality.
*   The laughter from the panel after Chris's joke marks a turning point in the interview's tone.
*   The final close-ups of Chris and Jay show their direct, slightly confrontational, but ultimately respectful and humorous exchange.","The video details a pivotal job interview and its immediate aftermath, revolving around Chris Gardner's determined pursuit of a position as a stockbroker trainee despite challenging circumstances. The narrative unfolds through a series of intense dialogues and observations within a professional office environment.

**Main Activities:**
1.  Chris Gardner undergoes a high-stakes job interview for a stockbroker trainee position, explaining his unconventional attire.
2.  The interviewers question Chris about his background, determination, and ability to learn the business.
3.  A comedic exchange regarding a hypothetical interviewee without a shirt lightens the mood.
4.  Chris is informally offered the trainee position, leading to a moment of unexpected hesitation due to its unpaid nature.
5.  An intense discussion ensues between one of the interviewers and his colleague about securing Chris's acceptance.

**Speakers:**
*   **Speaker 1:** An interviewer, likely a partner or senior manager, who primarily questions Chris and later discusses Chris with Jay.
*   **Speaker 2:** Chris Gardner, the determined job applicant.
*   **Speaker 3:** Jay, another interviewer or colleague of Speaker 1, who initially vouches for Chris and later expresses concern about Chris accepting the offer.

**Visual Events:**
*   **0:00-15.91s:** The video opens with a man, presumably Chris Gardner, looking intense and sweating, possibly rushing or under duress. He is seen with dark, curly hair and a mustache, wearing a light-colored, open-collared shirt. The setting is a busy office or professional environment with blurred figures in the background. The visual establishes a sense of urgency before the interview truly begins.
*   **15.92-26.55s:** Chris Gardner, now appearing more composed but still earnest, is visible from the chest up, moving towards the right against a backdrop of vertical grey panels, dressed in a grey jacket over a white undershirt. This transitions into a key scene where three men in suits, including Chris, are seated around a conference table in a high-rise office with large windows overlooking a city skyline, setting a formal business tone for the interview.
*   **26.56-58.43s:** Chris, resembling Will Smith, is animated and speaking with an open-mouthed expression, dressed in his grey jacket and white tank top in what appears to be a modern office. He gestures actively with both hands while explaining his situation to the group of five men in suits. The atmosphere is professional and serious, but Chris's energetic delivery adds a dynamic element. The interviewers listen with mostly neutral expressions.
*   **58.44-79.67s:** The scene remains focused on the interview within the modern office. The man on the left in a pinstripe suit reacts with a possibly surprised expression, aligning with his dialogue. An older man in a dark suit sits beside him, attentive. The keyframes continue to show the men in their formal setting, with Chris maintaining an earnest and focused demeanor as he answers questions.
*   **79.68-122.15s:** The interview continues, with Chris maintaining a serious expression as he looks towards the interviewers. The back of a person with white hair is visible in the foreground, opposite Chris, indicating an ongoing conversation. One of the interviewers, an older man with white hair, looks down at a document, asking questions about Chris's academic background. Chris's hands are clasped on the table, showing his focus.
*   **122.16-175.27s:** Chris, with a mustache and goatee, is visible from the chest up, maintaining a serious and earnest expression. The setting remains an office or interview room, with blurred figures and glass partitions in the background. His hands are clasped on the table. A comedic turning point occurs at this stage. Speaker 1 asks, ""Chris, what would you say if a guy walked in for an interview without a shirt on? And I hired him, what would you say?"" Chris, after a deliberate pause, delivers the humorous line, ""He must have had on some really nice pants,"" changing the mood from serious to lighthearted and eliciting an audible reaction (""Oh."") from Speaker 3 (Jay). Chris is then seen with a slight smile or smirk, looking confident.
*   **175.28-249.63s:** Following the interview, Chris, wearing his grey jacket, is seen with a slight smile, looking towards an out-of-focus person. Jay (Speaker 3) praises Chris: ""I don't know how you did it dressed as a garbage man, but you really pulled it off in there."" Chris thanks him, and Jay tells him to call him by his first name. Speaker 1 then attempts to informally offer Chris the position, saying, ""All right, we'll talk to you soon."" Chris misunderstands, replying, ""I'll let you know, Jay."" Speaker 1 clarifies, ""You'll you'll let me know, Jay."" Chris, confused, asks, ""What do you mean?"" Speaker 1 says, ""Yeah, I'll I'll give you a call tomorrow sometime and,"" but then immediately states, ""Listen. There's no salary."" This is a significant emotional turning point, as Chris's face shifts to a pensive, furrowed expression, and he expresses concern: ""No. I was not aware of that. My circumstances have changed some and I I need to be certain that I'll be able to Okay. Okay."" The scene shifts to Speaker 1 in a pinstripe suit, earnestly speaking in what appears to be a hallway, discussing Chris with Jay. Speaker 1 stresses, ""Tonight, I swear I will fill your spot. I promise."" Jay then expresses his frustration, warning Speaker 1 about the partners' perception if Chris backs out: ""You don't look like if you back out, you know what I'll look like to the partners?"" Speaker 1 responds directly, ""Yes, an ass."" Jay confirms, ""Yeah, an ass. All the way."" Jay concludes, ""You are a piece of work,"" emphasizing the intensity of the situation. The visual shows Speaker 1 with a serious and direct expression, facing the camera, while Jay's back is visible. Speaker 1's final word in the transcript is ""Tonight.""
*   **249.64-255.0s (End):** The video concludes visually with a brightly colored end screen graphic featuring a hot pink background. A white ""BINGE SOCIETY"" logo, resembling a film clapperboard, is in the upper center, flanked by two yellow rectangular video placeholders. ""SUBSCRIBE"" is prominently displayed in white at the bottom, followed by white social media icons for Instagram, Facebook, and Twitter. This is a static call-to-action screen, devoid of people or further narrative content.","**Main Activities:**
1. Chris Gardner arrives at the office, dressed in a casual outfit and explaining his presence.
2. A discussion about Gardner's background and qualities begins with colleagues expressing admiration for his earnestness and diligence.
3. The conversation shifts to Gardner’s recent arrest due to failure to pay parking tickets.
4. Colleagues discuss Gardner’s determination and intelligence, noting he has been seen multiple times at the office.
5. Gardner shares a story about being first in class during school days and in military training.
6. The video ends with a humorous exchange where Jay offers to fill Gardner's spot for an interview.

**Speakers:**
- SPEAKER_00: Chris Gardner
- SPEAKER_01: Jay (a colleague)
- SPEAKER_02: Mr. Twistle (likely another colleague)

**Visual Events:**
- [5.32s - 16.3s] OSS-VLM shows a man with short, dark hair and a mustache in a professional setting.
- [15.92s - 28.7s] A man standing in a room speaks or reacts to something off-camera.
- [26.56s - 48.8s] Two men seated at a conference table discuss, with one speaking and gesturing.
- [37.7s - 59.6s] A man stands in a modern office setting explaining his situation.
- [57.0s - 122.16s] Multiple scenes show three or more men engaged in discussions around tables.
- [143.40s - 180.9s] A man with a mustache, wearing a grey jacket, sits at a table and speaks to someone off-camera.
- [175.28s - 217.76s] Scenes show men in suits speaking or listening attentively.
- [249.64s - 255.0s] The video transitions to a static end screen with the ""Binge Society"" logo.

The emotional and comedic turning points are evident when Jay mentions that Gardner was arrested for failure to pay parking tickets, which shifts the mood from professional admiration to humor:

- [57.0s - 63.4s]
SPEAKER_01: And I ran all the way here from the Polk station, the police station.
SPEAKER_02: Chris, what would you say if a guy walked in for an interview without a shirt on?
- [185.9s - 232.5s]
SPEAKER_02: Chris, I don't know how you did it dressed as a garbage man, but you really pulled it off in there.
SPEAKER_02: You are a piece of work.

The video ends visually with the static end screen featuring the vibrant pink background and ""Binge Society"" logo.","This video features a memorable scene from the movie ""The Pursuit of Happyness.""

**Main Activities:**
The central activity is a job interview. Chris Gardner (played by Will Smith), dressed casually, arrives for an interview with several men in suits. He explains his appearance by confessing to being arrested for unpaid parking tickets. He then proceeds to answer questions about his determination and intellect, trying to impress the interviewers.

**Speakers:**
*   **Chris Gardner (Will Smith):** He is the main speaker, explaining his situation and answering questions with a mix of sincerity, wit, and determination. He acknowledges his less-than-ideal appearance and shares personal anecdotes to demonstrate his qualities.
*   **Interviewers:** There are four interviewers, dressed in suits. Two of them, particularly an older gentleman with white hair and a younger man with a patterned tie, actively question Chris. They initially appear skeptical but seem increasingly impressed by his responses.

**Visual Events:**
*   **Chris's Entrance:** Chris initially appears disheveled, running into the busy office area. He is visibly out of place among the smartly dressed professionals.
*   **The Interview Setting:** The interview takes place in a modern, well-lit office with large windows overlooking a city skyline. The interviewers are seated at a long, polished table.
*   **Chris's Demeanor:** Despite his appearance and the challenging questions, Chris maintains eye contact, speaks clearly, and uses expressive hand gestures, conveying his earnestness and intelligence.
*   **Reactions of Interviewers:** The interviewers' expressions shift from initial skepticism and amusement to attentiveness and increasing admiration as Chris speaks. They exchange glances, indicating their assessment of him.
*   **Subtle Humor:** There's a subtle comedic element, particularly when Chris admits to being arrested for parking tickets and states he was painting his apartment, leading to a quick exchange about whether it's dry now.

In essence, the video captures a critical moment where Chris Gardner, against all odds and appearances, attempts to secure a life-changing opportunity through sheer determination and honesty during a high-stakes job interview.","Answer: The video starts with a man standing in a busy office, observing people working. He then walks into a conference room where several men are seated. He shakes hands with a man named Chris Gardner, who is dressed formally. They sit down, and the man explains that he was arrested for failing to pay parking tickets. He then begins to interview the seated men, asking them questions about their business and their interest in hiring him. The men seem skeptical but eventually agree to hire him. The man then enters a courtroom where a judge is seated. He addresses the judge and expresses his gratitude for the opportunity. The video ends with a call to action to subscribe to a YouTube channel called Binge Society.",0.1138305,0.0386295,0.0,0.24,0.060018400000000006,0.075201
37200.0,0.0,"This keyframe shows a man, resembling Will Smith, with an animated, open-mouthed expression, suggesting he is speaking enthusiastically or laughing. He is wearing a grey jacket over a white tank top and is positioned in what appears to be a modern office environment with blurred figures in the background. The subtitle ""And... And I wanted to come up with a story"" indicates he is actively engaged in a conversation or narrating something, contributing to an engaged and dynamic tone.","At 37.2 seconds, the keyframe shows a man in a casual jacket and white shirt standing in a modern, well-lit office or public space. He is speaking, with subtitles indicating he is explaining something. The background is slightly blurred, but other people are visible, suggesting a busy environment. The man's facial expression is earnest, and he appears to be engaged in a conversation or storytelling. The setting is professional, and the tone is serious, indicating that this might be part of a professional discussion or interview.",0.000696,"This video clip from ""The Pursuit of Happyness"" features Chris Gardner (Will Smith) attending a job interview with several executives, most notably Jay.

**Main Activities:**
1.  **Arrival and Explanation:** Chris, visibly sweaty and disheveled, rushes into the professional office and then into a conference room, where several suited men are waiting for his interview. He immediately addresses his appearance, confessing he was arrested for unpaid parking tickets and had to run from the police station after painting his apartment, thus appearing in his current state.
2.  **Interview Questions:** The interviewers probe Chris about his background, his determination (as vouched for by Jay), and his intelligence. Chris confidently asserts his ability to find answers even if he doesn't know them initially.
3.  **Humorous Exchange:** The lead interviewer, Jay, poses a hypothetical question: ""What would you say if a guy walked in for an interview without a shirt on... and I hired him?"" After a pause, Chris cleverly replies, ""He must've had on some really nice pants,"" which makes the entire panel erupt in laughter.
4.  **Job Offer Discussion:** After the interview, as Chris is leaving, Jay praises him for his performance despite his appearance and tells him he can call him Jay. Chris then, to Jay's surprise, says he'll ""let him know"" about the job. Chris clarifies his hesitation, revealing he was unaware the internship was unpaid, and he needs to ensure he can support himself.
5.  **Final Exchange:** A tense but humorous exchange follows where Jay emphasizes that if Chris backs out, he'll look bad to the partners. Chris finishes Jay's sentence with a bleeped expletive (""an ass***""), and Jay, though frustrated, ultimately calls Chris ""a piece of work"" with a smile, still pushing for a decision by ""tonight.""

**Speakers:**
*   **Chris Gardner (Will Smith):** The job applicant, who explains his situation, answers questions, and delivers witty remarks.
*   **Jay (the main interviewer):** A senior executive who leads the interview, asks pointed questions, and ultimately offers Chris the position.
*   **Other Executives:** Several other suited men are present on the interview panel, asking follow-up questions and reacting to Chris's responses.
*   **Female Assistant:** Briefly introduces Chris at the start.

**Visual Events:**
*   Chris's sweaty, worn appearance contrasts sharply with the sleek, professional office and the executives' crisp suits.
*   The camera frequently cuts between Chris's expressive face and the reactions (surprise, amusement, eventual admiration) of the interview panel.
*   The wide shots of the conference room emphasize the formality of the situation against Chris's informality.
*   The laughter from the panel after Chris's joke marks a turning point in the interview's tone.
*   The final close-ups of Chris and Jay show their direct, slightly confrontational, but ultimately respectful and humorous exchange.","The video details a pivotal job interview and its immediate aftermath, revolving around Chris Gardner's determined pursuit of a position as a stockbroker trainee despite challenging circumstances. The narrative unfolds through a series of intense dialogues and observations within a professional office environment.

**Main Activities:**
1.  Chris Gardner undergoes a high-stakes job interview for a stockbroker trainee position, explaining his unconventional attire.
2.  The interviewers question Chris about his background, determination, and ability to learn the business.
3.  A comedic exchange regarding a hypothetical interviewee without a shirt lightens the mood.
4.  Chris is informally offered the trainee position, leading to a moment of unexpected hesitation due to its unpaid nature.
5.  An intense discussion ensues between one of the interviewers and his colleague about securing Chris's acceptance.

**Speakers:**
*   **Speaker 1:** An interviewer, likely a partner or senior manager, who primarily questions Chris and later discusses Chris with Jay.
*   **Speaker 2:** Chris Gardner, the determined job applicant.
*   **Speaker 3:** Jay, another interviewer or colleague of Speaker 1, who initially vouches for Chris and later expresses concern about Chris accepting the offer.

**Visual Events:**
*   **0:00-15.91s:** The video opens with a man, presumably Chris Gardner, looking intense and sweating, possibly rushing or under duress. He is seen with dark, curly hair and a mustache, wearing a light-colored, open-collared shirt. The setting is a busy office or professional environment with blurred figures in the background. The visual establishes a sense of urgency before the interview truly begins.
*   **15.92-26.55s:** Chris Gardner, now appearing more composed but still earnest, is visible from the chest up, moving towards the right against a backdrop of vertical grey panels, dressed in a grey jacket over a white undershirt. This transitions into a key scene where three men in suits, including Chris, are seated around a conference table in a high-rise office with large windows overlooking a city skyline, setting a formal business tone for the interview.
*   **26.56-58.43s:** Chris, resembling Will Smith, is animated and speaking with an open-mouthed expression, dressed in his grey jacket and white tank top in what appears to be a modern office. He gestures actively with both hands while explaining his situation to the group of five men in suits. The atmosphere is professional and serious, but Chris's energetic delivery adds a dynamic element. The interviewers listen with mostly neutral expressions.
*   **58.44-79.67s:** The scene remains focused on the interview within the modern office. The man on the left in a pinstripe suit reacts with a possibly surprised expression, aligning with his dialogue. An older man in a dark suit sits beside him, attentive. The keyframes continue to show the men in their formal setting, with Chris maintaining an earnest and focused demeanor as he answers questions.
*   **79.68-122.15s:** The interview continues, with Chris maintaining a serious expression as he looks towards the interviewers. The back of a person with white hair is visible in the foreground, opposite Chris, indicating an ongoing conversation. One of the interviewers, an older man with white hair, looks down at a document, asking questions about Chris's academic background. Chris's hands are clasped on the table, showing his focus.
*   **122.16-175.27s:** Chris, with a mustache and goatee, is visible from the chest up, maintaining a serious and earnest expression. The setting remains an office or interview room, with blurred figures and glass partitions in the background. His hands are clasped on the table. A comedic turning point occurs at this stage. Speaker 1 asks, ""Chris, what would you say if a guy walked in for an interview without a shirt on? And I hired him, what would you say?"" Chris, after a deliberate pause, delivers the humorous line, ""He must have had on some really nice pants,"" changing the mood from serious to lighthearted and eliciting an audible reaction (""Oh."") from Speaker 3 (Jay). Chris is then seen with a slight smile or smirk, looking confident.
*   **175.28-249.63s:** Following the interview, Chris, wearing his grey jacket, is seen with a slight smile, looking towards an out-of-focus person. Jay (Speaker 3) praises Chris: ""I don't know how you did it dressed as a garbage man, but you really pulled it off in there."" Chris thanks him, and Jay tells him to call him by his first name. Speaker 1 then attempts to informally offer Chris the position, saying, ""All right, we'll talk to you soon."" Chris misunderstands, replying, ""I'll let you know, Jay."" Speaker 1 clarifies, ""You'll you'll let me know, Jay."" Chris, confused, asks, ""What do you mean?"" Speaker 1 says, ""Yeah, I'll I'll give you a call tomorrow sometime and,"" but then immediately states, ""Listen. There's no salary."" This is a significant emotional turning point, as Chris's face shifts to a pensive, furrowed expression, and he expresses concern: ""No. I was not aware of that. My circumstances have changed some and I I need to be certain that I'll be able to Okay. Okay."" The scene shifts to Speaker 1 in a pinstripe suit, earnestly speaking in what appears to be a hallway, discussing Chris with Jay. Speaker 1 stresses, ""Tonight, I swear I will fill your spot. I promise."" Jay then expresses his frustration, warning Speaker 1 about the partners' perception if Chris backs out: ""You don't look like if you back out, you know what I'll look like to the partners?"" Speaker 1 responds directly, ""Yes, an ass."" Jay confirms, ""Yeah, an ass. All the way."" Jay concludes, ""You are a piece of work,"" emphasizing the intensity of the situation. The visual shows Speaker 1 with a serious and direct expression, facing the camera, while Jay's back is visible. Speaker 1's final word in the transcript is ""Tonight.""
*   **249.64-255.0s (End):** The video concludes visually with a brightly colored end screen graphic featuring a hot pink background. A white ""BINGE SOCIETY"" logo, resembling a film clapperboard, is in the upper center, flanked by two yellow rectangular video placeholders. ""SUBSCRIBE"" is prominently displayed in white at the bottom, followed by white social media icons for Instagram, Facebook, and Twitter. This is a static call-to-action screen, devoid of people or further narrative content.","**Main Activities:**
1. Chris Gardner arrives at the office, dressed in a casual outfit and explaining his presence.
2. A discussion about Gardner's background and qualities begins with colleagues expressing admiration for his earnestness and diligence.
3. The conversation shifts to Gardner’s recent arrest due to failure to pay parking tickets.
4. Colleagues discuss Gardner’s determination and intelligence, noting he has been seen multiple times at the office.
5. Gardner shares a story about being first in class during school days and in military training.
6. The video ends with a humorous exchange where Jay offers to fill Gardner's spot for an interview.

**Speakers:**
- SPEAKER_00: Chris Gardner
- SPEAKER_01: Jay (a colleague)
- SPEAKER_02: Mr. Twistle (likely another colleague)

**Visual Events:**
- [5.32s - 16.3s] OSS-VLM shows a man with short, dark hair and a mustache in a professional setting.
- [15.92s - 28.7s] A man standing in a room speaks or reacts to something off-camera.
- [26.56s - 48.8s] Two men seated at a conference table discuss, with one speaking and gesturing.
- [37.7s - 59.6s] A man stands in a modern office setting explaining his situation.
- [57.0s - 122.16s] Multiple scenes show three or more men engaged in discussions around tables.
- [143.40s - 180.9s] A man with a mustache, wearing a grey jacket, sits at a table and speaks to someone off-camera.
- [175.28s - 217.76s] Scenes show men in suits speaking or listening attentively.
- [249.64s - 255.0s] The video transitions to a static end screen with the ""Binge Society"" logo.

The emotional and comedic turning points are evident when Jay mentions that Gardner was arrested for failure to pay parking tickets, which shifts the mood from professional admiration to humor:

- [57.0s - 63.4s]
SPEAKER_01: And I ran all the way here from the Polk station, the police station.
SPEAKER_02: Chris, what would you say if a guy walked in for an interview without a shirt on?
- [185.9s - 232.5s]
SPEAKER_02: Chris, I don't know how you did it dressed as a garbage man, but you really pulled it off in there.
SPEAKER_02: You are a piece of work.

The video ends visually with the static end screen featuring the vibrant pink background and ""Binge Society"" logo.","This video features a memorable scene from the movie ""The Pursuit of Happyness.""

**Main Activities:**
The central activity is a job interview. Chris Gardner (played by Will Smith), dressed casually, arrives for an interview with several men in suits. He explains his appearance by confessing to being arrested for unpaid parking tickets. He then proceeds to answer questions about his determination and intellect, trying to impress the interviewers.

**Speakers:**
*   **Chris Gardner (Will Smith):** He is the main speaker, explaining his situation and answering questions with a mix of sincerity, wit, and determination. He acknowledges his less-than-ideal appearance and shares personal anecdotes to demonstrate his qualities.
*   **Interviewers:** There are four interviewers, dressed in suits. Two of them, particularly an older gentleman with white hair and a younger man with a patterned tie, actively question Chris. They initially appear skeptical but seem increasingly impressed by his responses.

**Visual Events:**
*   **Chris's Entrance:** Chris initially appears disheveled, running into the busy office area. He is visibly out of place among the smartly dressed professionals.
*   **The Interview Setting:** The interview takes place in a modern, well-lit office with large windows overlooking a city skyline. The interviewers are seated at a long, polished table.
*   **Chris's Demeanor:** Despite his appearance and the challenging questions, Chris maintains eye contact, speaks clearly, and uses expressive hand gestures, conveying his earnestness and intelligence.
*   **Reactions of Interviewers:** The interviewers' expressions shift from initial skepticism and amusement to attentiveness and increasing admiration as Chris speaks. They exchange glances, indicating their assessment of him.
*   **Subtle Humor:** There's a subtle comedic element, particularly when Chris admits to being arrested for parking tickets and states he was painting his apartment, leading to a quick exchange about whether it's dry now.

In essence, the video captures a critical moment where Chris Gardner, against all odds and appearances, attempts to secure a life-changing opportunity through sheer determination and honesty during a high-stakes job interview.","Answer: The video starts with a man standing in a busy office, observing people working. He then walks into a conference room where several men are seated. He shakes hands with a man named Chris Gardner, who is dressed formally. They sit down, and the man explains that he was arrested for failing to pay parking tickets. He then begins to interview the seated men, asking them questions about their business and their interest in hiring him. The men seem skeptical but eventually agree to hire him. The man then enters a courtroom where a judge is seated. He addresses the judge and expresses his gratitude for the opportunity. The video ends with a call to action to subscribe to a YouTube channel called Binge Society.",0.1138305,0.0386295,0.0,0.24,0.060018400000000006,0.075201
47800.0,0.0,"This keyframe shows a diverse group of five men seated around a large wooden conference table in a modern office building, with large windows overlooking a city in the background. On the left, a Black man in a light shirt is actively gesturing with both hands, appearing to be speaking, while four white men in suits listen with generally neutral expressions; one is seen writing notes. The on-screen text includes a ""BINGE SOCIETY"" logo, subtitles reading ""And team-playing. Something."", and a copyright notice, indicating a formal meeting or interview setting with a serious, professional tone.","At 47.8 seconds, the video shows a group of four men seated around a conference table in a modern, well-lit office setting. The men are engaged in a discussion, with one man speaking and gesturing with his hand, while the others listen attentively. The setting is professional, with large windows in the background that suggest a high-rise building. The men are dressed in suits, indicating a formal or business context. The video captures a moment of conversation, with one man appearing to be the primary speaker, emphasizing the importance of teamwork.",0.0007289999999999999,"This video clip from ""The Pursuit of Happyness"" features Chris Gardner (Will Smith) attending a job interview with several executives, most notably Jay.

**Main Activities:**
1.  **Arrival and Explanation:** Chris, visibly sweaty and disheveled, rushes into the professional office and then into a conference room, where several suited men are waiting for his interview. He immediately addresses his appearance, confessing he was arrested for unpaid parking tickets and had to run from the police station after painting his apartment, thus appearing in his current state.
2.  **Interview Questions:** The interviewers probe Chris about his background, his determination (as vouched for by Jay), and his intelligence. Chris confidently asserts his ability to find answers even if he doesn't know them initially.
3.  **Humorous Exchange:** The lead interviewer, Jay, poses a hypothetical question: ""What would you say if a guy walked in for an interview without a shirt on... and I hired him?"" After a pause, Chris cleverly replies, ""He must've had on some really nice pants,"" which makes the entire panel erupt in laughter.
4.  **Job Offer Discussion:** After the interview, as Chris is leaving, Jay praises him for his performance despite his appearance and tells him he can call him Jay. Chris then, to Jay's surprise, says he'll ""let him know"" about the job. Chris clarifies his hesitation, revealing he was unaware the internship was unpaid, and he needs to ensure he can support himself.
5.  **Final Exchange:** A tense but humorous exchange follows where Jay emphasizes that if Chris backs out, he'll look bad to the partners. Chris finishes Jay's sentence with a bleeped expletive (""an ass***""), and Jay, though frustrated, ultimately calls Chris ""a piece of work"" with a smile, still pushing for a decision by ""tonight.""

**Speakers:**
*   **Chris Gardner (Will Smith):** The job applicant, who explains his situation, answers questions, and delivers witty remarks.
*   **Jay (the main interviewer):** A senior executive who leads the interview, asks pointed questions, and ultimately offers Chris the position.
*   **Other Executives:** Several other suited men are present on the interview panel, asking follow-up questions and reacting to Chris's responses.
*   **Female Assistant:** Briefly introduces Chris at the start.

**Visual Events:**
*   Chris's sweaty, worn appearance contrasts sharply with the sleek, professional office and the executives' crisp suits.
*   The camera frequently cuts between Chris's expressive face and the reactions (surprise, amusement, eventual admiration) of the interview panel.
*   The wide shots of the conference room emphasize the formality of the situation against Chris's informality.
*   The laughter from the panel after Chris's joke marks a turning point in the interview's tone.
*   The final close-ups of Chris and Jay show their direct, slightly confrontational, but ultimately respectful and humorous exchange.","The video details a pivotal job interview and its immediate aftermath, revolving around Chris Gardner's determined pursuit of a position as a stockbroker trainee despite challenging circumstances. The narrative unfolds through a series of intense dialogues and observations within a professional office environment.

**Main Activities:**
1.  Chris Gardner undergoes a high-stakes job interview for a stockbroker trainee position, explaining his unconventional attire.
2.  The interviewers question Chris about his background, determination, and ability to learn the business.
3.  A comedic exchange regarding a hypothetical interviewee without a shirt lightens the mood.
4.  Chris is informally offered the trainee position, leading to a moment of unexpected hesitation due to its unpaid nature.
5.  An intense discussion ensues between one of the interviewers and his colleague about securing Chris's acceptance.

**Speakers:**
*   **Speaker 1:** An interviewer, likely a partner or senior manager, who primarily questions Chris and later discusses Chris with Jay.
*   **Speaker 2:** Chris Gardner, the determined job applicant.
*   **Speaker 3:** Jay, another interviewer or colleague of Speaker 1, who initially vouches for Chris and later expresses concern about Chris accepting the offer.

**Visual Events:**
*   **0:00-15.91s:** The video opens with a man, presumably Chris Gardner, looking intense and sweating, possibly rushing or under duress. He is seen with dark, curly hair and a mustache, wearing a light-colored, open-collared shirt. The setting is a busy office or professional environment with blurred figures in the background. The visual establishes a sense of urgency before the interview truly begins.
*   **15.92-26.55s:** Chris Gardner, now appearing more composed but still earnest, is visible from the chest up, moving towards the right against a backdrop of vertical grey panels, dressed in a grey jacket over a white undershirt. This transitions into a key scene where three men in suits, including Chris, are seated around a conference table in a high-rise office with large windows overlooking a city skyline, setting a formal business tone for the interview.
*   **26.56-58.43s:** Chris, resembling Will Smith, is animated and speaking with an open-mouthed expression, dressed in his grey jacket and white tank top in what appears to be a modern office. He gestures actively with both hands while explaining his situation to the group of five men in suits. The atmosphere is professional and serious, but Chris's energetic delivery adds a dynamic element. The interviewers listen with mostly neutral expressions.
*   **58.44-79.67s:** The scene remains focused on the interview within the modern office. The man on the left in a pinstripe suit reacts with a possibly surprised expression, aligning with his dialogue. An older man in a dark suit sits beside him, attentive. The keyframes continue to show the men in their formal setting, with Chris maintaining an earnest and focused demeanor as he answers questions.
*   **79.68-122.15s:** The interview continues, with Chris maintaining a serious expression as he looks towards the interviewers. The back of a person with white hair is visible in the foreground, opposite Chris, indicating an ongoing conversation. One of the interviewers, an older man with white hair, looks down at a document, asking questions about Chris's academic background. Chris's hands are clasped on the table, showing his focus.
*   **122.16-175.27s:** Chris, with a mustache and goatee, is visible from the chest up, maintaining a serious and earnest expression. The setting remains an office or interview room, with blurred figures and glass partitions in the background. His hands are clasped on the table. A comedic turning point occurs at this stage. Speaker 1 asks, ""Chris, what would you say if a guy walked in for an interview without a shirt on? And I hired him, what would you say?"" Chris, after a deliberate pause, delivers the humorous line, ""He must have had on some really nice pants,"" changing the mood from serious to lighthearted and eliciting an audible reaction (""Oh."") from Speaker 3 (Jay). Chris is then seen with a slight smile or smirk, looking confident.
*   **175.28-249.63s:** Following the interview, Chris, wearing his grey jacket, is seen with a slight smile, looking towards an out-of-focus person. Jay (Speaker 3) praises Chris: ""I don't know how you did it dressed as a garbage man, but you really pulled it off in there."" Chris thanks him, and Jay tells him to call him by his first name. Speaker 1 then attempts to informally offer Chris the position, saying, ""All right, we'll talk to you soon."" Chris misunderstands, replying, ""I'll let you know, Jay."" Speaker 1 clarifies, ""You'll you'll let me know, Jay."" Chris, confused, asks, ""What do you mean?"" Speaker 1 says, ""Yeah, I'll I'll give you a call tomorrow sometime and,"" but then immediately states, ""Listen. There's no salary."" This is a significant emotional turning point, as Chris's face shifts to a pensive, furrowed expression, and he expresses concern: ""No. I was not aware of that. My circumstances have changed some and I I need to be certain that I'll be able to Okay. Okay."" The scene shifts to Speaker 1 in a pinstripe suit, earnestly speaking in what appears to be a hallway, discussing Chris with Jay. Speaker 1 stresses, ""Tonight, I swear I will fill your spot. I promise."" Jay then expresses his frustration, warning Speaker 1 about the partners' perception if Chris backs out: ""You don't look like if you back out, you know what I'll look like to the partners?"" Speaker 1 responds directly, ""Yes, an ass."" Jay confirms, ""Yeah, an ass. All the way."" Jay concludes, ""You are a piece of work,"" emphasizing the intensity of the situation. The visual shows Speaker 1 with a serious and direct expression, facing the camera, while Jay's back is visible. Speaker 1's final word in the transcript is ""Tonight.""
*   **249.64-255.0s (End):** The video concludes visually with a brightly colored end screen graphic featuring a hot pink background. A white ""BINGE SOCIETY"" logo, resembling a film clapperboard, is in the upper center, flanked by two yellow rectangular video placeholders. ""SUBSCRIBE"" is prominently displayed in white at the bottom, followed by white social media icons for Instagram, Facebook, and Twitter. This is a static call-to-action screen, devoid of people or further narrative content.","**Main Activities:**
1. Chris Gardner arrives at the office, dressed in a casual outfit and explaining his presence.
2. A discussion about Gardner's background and qualities begins with colleagues expressing admiration for his earnestness and diligence.
3. The conversation shifts to Gardner’s recent arrest due to failure to pay parking tickets.
4. Colleagues discuss Gardner’s determination and intelligence, noting he has been seen multiple times at the office.
5. Gardner shares a story about being first in class during school days and in military training.
6. The video ends with a humorous exchange where Jay offers to fill Gardner's spot for an interview.

**Speakers:**
- SPEAKER_00: Chris Gardner
- SPEAKER_01: Jay (a colleague)
- SPEAKER_02: Mr. Twistle (likely another colleague)

**Visual Events:**
- [5.32s - 16.3s] OSS-VLM shows a man with short, dark hair and a mustache in a professional setting.
- [15.92s - 28.7s] A man standing in a room speaks or reacts to something off-camera.
- [26.56s - 48.8s] Two men seated at a conference table discuss, with one speaking and gesturing.
- [37.7s - 59.6s] A man stands in a modern office setting explaining his situation.
- [57.0s - 122.16s] Multiple scenes show three or more men engaged in discussions around tables.
- [143.40s - 180.9s] A man with a mustache, wearing a grey jacket, sits at a table and speaks to someone off-camera.
- [175.28s - 217.76s] Scenes show men in suits speaking or listening attentively.
- [249.64s - 255.0s] The video transitions to a static end screen with the ""Binge Society"" logo.

The emotional and comedic turning points are evident when Jay mentions that Gardner was arrested for failure to pay parking tickets, which shifts the mood from professional admiration to humor:

- [57.0s - 63.4s]
SPEAKER_01: And I ran all the way here from the Polk station, the police station.
SPEAKER_02: Chris, what would you say if a guy walked in for an interview without a shirt on?
- [185.9s - 232.5s]
SPEAKER_02: Chris, I don't know how you did it dressed as a garbage man, but you really pulled it off in there.
SPEAKER_02: You are a piece of work.

The video ends visually with the static end screen featuring the vibrant pink background and ""Binge Society"" logo.","This video features a memorable scene from the movie ""The Pursuit of Happyness.""

**Main Activities:**
The central activity is a job interview. Chris Gardner (played by Will Smith), dressed casually, arrives for an interview with several men in suits. He explains his appearance by confessing to being arrested for unpaid parking tickets. He then proceeds to answer questions about his determination and intellect, trying to impress the interviewers.

**Speakers:**
*   **Chris Gardner (Will Smith):** He is the main speaker, explaining his situation and answering questions with a mix of sincerity, wit, and determination. He acknowledges his less-than-ideal appearance and shares personal anecdotes to demonstrate his qualities.
*   **Interviewers:** There are four interviewers, dressed in suits. Two of them, particularly an older gentleman with white hair and a younger man with a patterned tie, actively question Chris. They initially appear skeptical but seem increasingly impressed by his responses.

**Visual Events:**
*   **Chris's Entrance:** Chris initially appears disheveled, running into the busy office area. He is visibly out of place among the smartly dressed professionals.
*   **The Interview Setting:** The interview takes place in a modern, well-lit office with large windows overlooking a city skyline. The interviewers are seated at a long, polished table.
*   **Chris's Demeanor:** Despite his appearance and the challenging questions, Chris maintains eye contact, speaks clearly, and uses expressive hand gestures, conveying his earnestness and intelligence.
*   **Reactions of Interviewers:** The interviewers' expressions shift from initial skepticism and amusement to attentiveness and increasing admiration as Chris speaks. They exchange glances, indicating their assessment of him.
*   **Subtle Humor:** There's a subtle comedic element, particularly when Chris admits to being arrested for parking tickets and states he was painting his apartment, leading to a quick exchange about whether it's dry now.

In essence, the video captures a critical moment where Chris Gardner, against all odds and appearances, attempts to secure a life-changing opportunity through sheer determination and honesty during a high-stakes job interview.","Answer: The video starts with a man standing in a busy office, observing people working. He then walks into a conference room where several men are seated. He shakes hands with a man named Chris Gardner, who is dressed formally. They sit down, and the man explains that he was arrested for failing to pay parking tickets. He then begins to interview the seated men, asking them questions about their business and their interest in hiring him. The men seem skeptical but eventually agree to hire him. The man then enters a courtroom where a judge is seated. He addresses the judge and expresses his gratitude for the opportunity. The video ends with a call to action to subscribe to a YouTube channel called Binge Society.",0.1138305,0.0386295,0.0,0.24,0.060018400000000006,0.075201
58440.0,0.0,"This keyframe depicts three men in what appears to be a formal meeting or interview within a modern office, characterized by large windows overlooking a city skyline. The man on the left, wearing a pinstripe suit, looks towards the partially visible person in the foreground with an open-mouthed, possibly surprised expression, aligning with the visible subtitle ""What?"", suggesting he is speaking. An older man in a dark suit sits to his right, also looking in the same direction with a more neutral, attentive expression.","At 58.4 seconds, the scene shows three men seated around a table in an office setting. The man on the left, dressed in a light blue shirt, is facing the man in the middle, who is wearing a dark suit and tie. The man on the right, also in a suit, is looking at the man in the middle. The man in the middle appears to be speaking, as indicated by the subtitle ""What?"" The setting is professional, with large windows in the background showing a cityscape. The facial expressions and gestures suggest a serious conversation, possibly an interview or meeting.",0.000705,"This video clip from ""The Pursuit of Happyness"" features Chris Gardner (Will Smith) attending a job interview with several executives, most notably Jay.

**Main Activities:**
1.  **Arrival and Explanation:** Chris, visibly sweaty and disheveled, rushes into the professional office and then into a conference room, where several suited men are waiting for his interview. He immediately addresses his appearance, confessing he was arrested for unpaid parking tickets and had to run from the police station after painting his apartment, thus appearing in his current state.
2.  **Interview Questions:** The interviewers probe Chris about his background, his determination (as vouched for by Jay), and his intelligence. Chris confidently asserts his ability to find answers even if he doesn't know them initially.
3.  **Humorous Exchange:** The lead interviewer, Jay, poses a hypothetical question: ""What would you say if a guy walked in for an interview without a shirt on... and I hired him?"" After a pause, Chris cleverly replies, ""He must've had on some really nice pants,"" which makes the entire panel erupt in laughter.
4.  **Job Offer Discussion:** After the interview, as Chris is leaving, Jay praises him for his performance despite his appearance and tells him he can call him Jay. Chris then, to Jay's surprise, says he'll ""let him know"" about the job. Chris clarifies his hesitation, revealing he was unaware the internship was unpaid, and he needs to ensure he can support himself.
5.  **Final Exchange:** A tense but humorous exchange follows where Jay emphasizes that if Chris backs out, he'll look bad to the partners. Chris finishes Jay's sentence with a bleeped expletive (""an ass***""), and Jay, though frustrated, ultimately calls Chris ""a piece of work"" with a smile, still pushing for a decision by ""tonight.""

**Speakers:**
*   **Chris Gardner (Will Smith):** The job applicant, who explains his situation, answers questions, and delivers witty remarks.
*   **Jay (the main interviewer):** A senior executive who leads the interview, asks pointed questions, and ultimately offers Chris the position.
*   **Other Executives:** Several other suited men are present on the interview panel, asking follow-up questions and reacting to Chris's responses.
*   **Female Assistant:** Briefly introduces Chris at the start.

**Visual Events:**
*   Chris's sweaty, worn appearance contrasts sharply with the sleek, professional office and the executives' crisp suits.
*   The camera frequently cuts between Chris's expressive face and the reactions (surprise, amusement, eventual admiration) of the interview panel.
*   The wide shots of the conference room emphasize the formality of the situation against Chris's informality.
*   The laughter from the panel after Chris's joke marks a turning point in the interview's tone.
*   The final close-ups of Chris and Jay show their direct, slightly confrontational, but ultimately respectful and humorous exchange.","The video details a pivotal job interview and its immediate aftermath, revolving around Chris Gardner's determined pursuit of a position as a stockbroker trainee despite challenging circumstances. The narrative unfolds through a series of intense dialogues and observations within a professional office environment.

**Main Activities:**
1.  Chris Gardner undergoes a high-stakes job interview for a stockbroker trainee position, explaining his unconventional attire.
2.  The interviewers question Chris about his background, determination, and ability to learn the business.
3.  A comedic exchange regarding a hypothetical interviewee without a shirt lightens the mood.
4.  Chris is informally offered the trainee position, leading to a moment of unexpected hesitation due to its unpaid nature.
5.  An intense discussion ensues between one of the interviewers and his colleague about securing Chris's acceptance.

**Speakers:**
*   **Speaker 1:** An interviewer, likely a partner or senior manager, who primarily questions Chris and later discusses Chris with Jay.
*   **Speaker 2:** Chris Gardner, the determined job applicant.
*   **Speaker 3:** Jay, another interviewer or colleague of Speaker 1, who initially vouches for Chris and later expresses concern about Chris accepting the offer.

**Visual Events:**
*   **0:00-15.91s:** The video opens with a man, presumably Chris Gardner, looking intense and sweating, possibly rushing or under duress. He is seen with dark, curly hair and a mustache, wearing a light-colored, open-collared shirt. The setting is a busy office or professional environment with blurred figures in the background. The visual establishes a sense of urgency before the interview truly begins.
*   **15.92-26.55s:** Chris Gardner, now appearing more composed but still earnest, is visible from the chest up, moving towards the right against a backdrop of vertical grey panels, dressed in a grey jacket over a white undershirt. This transitions into a key scene where three men in suits, including Chris, are seated around a conference table in a high-rise office with large windows overlooking a city skyline, setting a formal business tone for the interview.
*   **26.56-58.43s:** Chris, resembling Will Smith, is animated and speaking with an open-mouthed expression, dressed in his grey jacket and white tank top in what appears to be a modern office. He gestures actively with both hands while explaining his situation to the group of five men in suits. The atmosphere is professional and serious, but Chris's energetic delivery adds a dynamic element. The interviewers listen with mostly neutral expressions.
*   **58.44-79.67s:** The scene remains focused on the interview within the modern office. The man on the left in a pinstripe suit reacts with a possibly surprised expression, aligning with his dialogue. An older man in a dark suit sits beside him, attentive. The keyframes continue to show the men in their formal setting, with Chris maintaining an earnest and focused demeanor as he answers questions.
*   **79.68-122.15s:** The interview continues, with Chris maintaining a serious expression as he looks towards the interviewers. The back of a person with white hair is visible in the foreground, opposite Chris, indicating an ongoing conversation. One of the interviewers, an older man with white hair, looks down at a document, asking questions about Chris's academic background. Chris's hands are clasped on the table, showing his focus.
*   **122.16-175.27s:** Chris, with a mustache and goatee, is visible from the chest up, maintaining a serious and earnest expression. The setting remains an office or interview room, with blurred figures and glass partitions in the background. His hands are clasped on the table. A comedic turning point occurs at this stage. Speaker 1 asks, ""Chris, what would you say if a guy walked in for an interview without a shirt on? And I hired him, what would you say?"" Chris, after a deliberate pause, delivers the humorous line, ""He must have had on some really nice pants,"" changing the mood from serious to lighthearted and eliciting an audible reaction (""Oh."") from Speaker 3 (Jay). Chris is then seen with a slight smile or smirk, looking confident.
*   **175.28-249.63s:** Following the interview, Chris, wearing his grey jacket, is seen with a slight smile, looking towards an out-of-focus person. Jay (Speaker 3) praises Chris: ""I don't know how you did it dressed as a garbage man, but you really pulled it off in there."" Chris thanks him, and Jay tells him to call him by his first name. Speaker 1 then attempts to informally offer Chris the position, saying, ""All right, we'll talk to you soon."" Chris misunderstands, replying, ""I'll let you know, Jay."" Speaker 1 clarifies, ""You'll you'll let me know, Jay."" Chris, confused, asks, ""What do you mean?"" Speaker 1 says, ""Yeah, I'll I'll give you a call tomorrow sometime and,"" but then immediately states, ""Listen. There's no salary."" This is a significant emotional turning point, as Chris's face shifts to a pensive, furrowed expression, and he expresses concern: ""No. I was not aware of that. My circumstances have changed some and I I need to be certain that I'll be able to Okay. Okay."" The scene shifts to Speaker 1 in a pinstripe suit, earnestly speaking in what appears to be a hallway, discussing Chris with Jay. Speaker 1 stresses, ""Tonight, I swear I will fill your spot. I promise."" Jay then expresses his frustration, warning Speaker 1 about the partners' perception if Chris backs out: ""You don't look like if you back out, you know what I'll look like to the partners?"" Speaker 1 responds directly, ""Yes, an ass."" Jay confirms, ""Yeah, an ass. All the way."" Jay concludes, ""You are a piece of work,"" emphasizing the intensity of the situation. The visual shows Speaker 1 with a serious and direct expression, facing the camera, while Jay's back is visible. Speaker 1's final word in the transcript is ""Tonight.""
*   **249.64-255.0s (End):** The video concludes visually with a brightly colored end screen graphic featuring a hot pink background. A white ""BINGE SOCIETY"" logo, resembling a film clapperboard, is in the upper center, flanked by two yellow rectangular video placeholders. ""SUBSCRIBE"" is prominently displayed in white at the bottom, followed by white social media icons for Instagram, Facebook, and Twitter. This is a static call-to-action screen, devoid of people or further narrative content.","**Main Activities:**
1. Chris Gardner arrives at the office, dressed in a casual outfit and explaining his presence.
2. A discussion about Gardner's background and qualities begins with colleagues expressing admiration for his earnestness and diligence.
3. The conversation shifts to Gardner’s recent arrest due to failure to pay parking tickets.
4. Colleagues discuss Gardner’s determination and intelligence, noting he has been seen multiple times at the office.
5. Gardner shares a story about being first in class during school days and in military training.
6. The video ends with a humorous exchange where Jay offers to fill Gardner's spot for an interview.

**Speakers:**
- SPEAKER_00: Chris Gardner
- SPEAKER_01: Jay (a colleague)
- SPEAKER_02: Mr. Twistle (likely another colleague)

**Visual Events:**
- [5.32s - 16.3s] OSS-VLM shows a man with short, dark hair and a mustache in a professional setting.
- [15.92s - 28.7s] A man standing in a room speaks or reacts to something off-camera.
- [26.56s - 48.8s] Two men seated at a conference table discuss, with one speaking and gesturing.
- [37.7s - 59.6s] A man stands in a modern office setting explaining his situation.
- [57.0s - 122.16s] Multiple scenes show three or more men engaged in discussions around tables.
- [143.40s - 180.9s] A man with a mustache, wearing a grey jacket, sits at a table and speaks to someone off-camera.
- [175.28s - 217.76s] Scenes show men in suits speaking or listening attentively.
- [249.64s - 255.0s] The video transitions to a static end screen with the ""Binge Society"" logo.

The emotional and comedic turning points are evident when Jay mentions that Gardner was arrested for failure to pay parking tickets, which shifts the mood from professional admiration to humor:

- [57.0s - 63.4s]
SPEAKER_01: And I ran all the way here from the Polk station, the police station.
SPEAKER_02: Chris, what would you say if a guy walked in for an interview without a shirt on?
- [185.9s - 232.5s]
SPEAKER_02: Chris, I don't know how you did it dressed as a garbage man, but you really pulled it off in there.
SPEAKER_02: You are a piece of work.

The video ends visually with the static end screen featuring the vibrant pink background and ""Binge Society"" logo.","This video features a memorable scene from the movie ""The Pursuit of Happyness.""

**Main Activities:**
The central activity is a job interview. Chris Gardner (played by Will Smith), dressed casually, arrives for an interview with several men in suits. He explains his appearance by confessing to being arrested for unpaid parking tickets. He then proceeds to answer questions about his determination and intellect, trying to impress the interviewers.

**Speakers:**
*   **Chris Gardner (Will Smith):** He is the main speaker, explaining his situation and answering questions with a mix of sincerity, wit, and determination. He acknowledges his less-than-ideal appearance and shares personal anecdotes to demonstrate his qualities.
*   **Interviewers:** There are four interviewers, dressed in suits. Two of them, particularly an older gentleman with white hair and a younger man with a patterned tie, actively question Chris. They initially appear skeptical but seem increasingly impressed by his responses.

**Visual Events:**
*   **Chris's Entrance:** Chris initially appears disheveled, running into the busy office area. He is visibly out of place among the smartly dressed professionals.
*   **The Interview Setting:** The interview takes place in a modern, well-lit office with large windows overlooking a city skyline. The interviewers are seated at a long, polished table.
*   **Chris's Demeanor:** Despite his appearance and the challenging questions, Chris maintains eye contact, speaks clearly, and uses expressive hand gestures, conveying his earnestness and intelligence.
*   **Reactions of Interviewers:** The interviewers' expressions shift from initial skepticism and amusement to attentiveness and increasing admiration as Chris speaks. They exchange glances, indicating their assessment of him.
*   **Subtle Humor:** There's a subtle comedic element, particularly when Chris admits to being arrested for parking tickets and states he was painting his apartment, leading to a quick exchange about whether it's dry now.

In essence, the video captures a critical moment where Chris Gardner, against all odds and appearances, attempts to secure a life-changing opportunity through sheer determination and honesty during a high-stakes job interview.","Answer: The video starts with a man standing in a busy office, observing people working. He then walks into a conference room where several men are seated. He shakes hands with a man named Chris Gardner, who is dressed formally. They sit down, and the man explains that he was arrested for failing to pay parking tickets. He then begins to interview the seated men, asking them questions about their business and their interest in hiring him. The men seem skeptical but eventually agree to hire him. The man then enters a courtroom where a judge is seated. He addresses the judge and expresses his gratitude for the opportunity. The video ends with a call to action to subscribe to a YouTube channel called Binge Society.",0.1138305,0.0386295,0.0,0.24,0.060018400000000006,0.075201
69040.0,0.0,"This keyframe at 69.0s shows actor Will Smith, portraying Chris Gardner, seated at a wooden table in an office setting, facing someone whose back of the head (with white hair) is visible on the right. Will Smith wears a grey jacket and has a mustache, looking forward with a somewhat serious or weary expression, with his hands clasped together on the table. The subtitle ""Is it dry now?"" is displayed, indicating dialogue, and the overall scene suggests a focused conversation, possibly an interview or a meeting.","At 69.0 seconds, the keyframe shows a man with a mustache and a gray jacket sitting at a table, looking at another person whose back is facing the camera. The man is asking, ""Is it dry now?"" The setting appears to be an office or meeting room with other people in the background. The man's facial expression suggests he is concerned or curious. The tone of the conversation seems serious and focused on the topic at hand.",0.000714,"This video clip from ""The Pursuit of Happyness"" features Chris Gardner (Will Smith) attending a job interview with several executives, most notably Jay.

**Main Activities:**
1.  **Arrival and Explanation:** Chris, visibly sweaty and disheveled, rushes into the professional office and then into a conference room, where several suited men are waiting for his interview. He immediately addresses his appearance, confessing he was arrested for unpaid parking tickets and had to run from the police station after painting his apartment, thus appearing in his current state.
2.  **Interview Questions:** The interviewers probe Chris about his background, his determination (as vouched for by Jay), and his intelligence. Chris confidently asserts his ability to find answers even if he doesn't know them initially.
3.  **Humorous Exchange:** The lead interviewer, Jay, poses a hypothetical question: ""What would you say if a guy walked in for an interview without a shirt on... and I hired him?"" After a pause, Chris cleverly replies, ""He must've had on some really nice pants,"" which makes the entire panel erupt in laughter.
4.  **Job Offer Discussion:** After the interview, as Chris is leaving, Jay praises him for his performance despite his appearance and tells him he can call him Jay. Chris then, to Jay's surprise, says he'll ""let him know"" about the job. Chris clarifies his hesitation, revealing he was unaware the internship was unpaid, and he needs to ensure he can support himself.
5.  **Final Exchange:** A tense but humorous exchange follows where Jay emphasizes that if Chris backs out, he'll look bad to the partners. Chris finishes Jay's sentence with a bleeped expletive (""an ass***""), and Jay, though frustrated, ultimately calls Chris ""a piece of work"" with a smile, still pushing for a decision by ""tonight.""

**Speakers:**
*   **Chris Gardner (Will Smith):** The job applicant, who explains his situation, answers questions, and delivers witty remarks.
*   **Jay (the main interviewer):** A senior executive who leads the interview, asks pointed questions, and ultimately offers Chris the position.
*   **Other Executives:** Several other suited men are present on the interview panel, asking follow-up questions and reacting to Chris's responses.
*   **Female Assistant:** Briefly introduces Chris at the start.

**Visual Events:**
*   Chris's sweaty, worn appearance contrasts sharply with the sleek, professional office and the executives' crisp suits.
*   The camera frequently cuts between Chris's expressive face and the reactions (surprise, amusement, eventual admiration) of the interview panel.
*   The wide shots of the conference room emphasize the formality of the situation against Chris's informality.
*   The laughter from the panel after Chris's joke marks a turning point in the interview's tone.
*   The final close-ups of Chris and Jay show their direct, slightly confrontational, but ultimately respectful and humorous exchange.","The video details a pivotal job interview and its immediate aftermath, revolving around Chris Gardner's determined pursuit of a position as a stockbroker trainee despite challenging circumstances. The narrative unfolds through a series of intense dialogues and observations within a professional office environment.

**Main Activities:**
1.  Chris Gardner undergoes a high-stakes job interview for a stockbroker trainee position, explaining his unconventional attire.
2.  The interviewers question Chris about his background, determination, and ability to learn the business.
3.  A comedic exchange regarding a hypothetical interviewee without a shirt lightens the mood.
4.  Chris is informally offered the trainee position, leading to a moment of unexpected hesitation due to its unpaid nature.
5.  An intense discussion ensues between one of the interviewers and his colleague about securing Chris's acceptance.

**Speakers:**
*   **Speaker 1:** An interviewer, likely a partner or senior manager, who primarily questions Chris and later discusses Chris with Jay.
*   **Speaker 2:** Chris Gardner, the determined job applicant.
*   **Speaker 3:** Jay, another interviewer or colleague of Speaker 1, who initially vouches for Chris and later expresses concern about Chris accepting the offer.

**Visual Events:**
*   **0:00-15.91s:** The video opens with a man, presumably Chris Gardner, looking intense and sweating, possibly rushing or under duress. He is seen with dark, curly hair and a mustache, wearing a light-colored, open-collared shirt. The setting is a busy office or professional environment with blurred figures in the background. The visual establishes a sense of urgency before the interview truly begins.
*   **15.92-26.55s:** Chris Gardner, now appearing more composed but still earnest, is visible from the chest up, moving towards the right against a backdrop of vertical grey panels, dressed in a grey jacket over a white undershirt. This transitions into a key scene where three men in suits, including Chris, are seated around a conference table in a high-rise office with large windows overlooking a city skyline, setting a formal business tone for the interview.
*   **26.56-58.43s:** Chris, resembling Will Smith, is animated and speaking with an open-mouthed expression, dressed in his grey jacket and white tank top in what appears to be a modern office. He gestures actively with both hands while explaining his situation to the group of five men in suits. The atmosphere is professional and serious, but Chris's energetic delivery adds a dynamic element. The interviewers listen with mostly neutral expressions.
*   **58.44-79.67s:** The scene remains focused on the interview within the modern office. The man on the left in a pinstripe suit reacts with a possibly surprised expression, aligning with his dialogue. An older man in a dark suit sits beside him, attentive. The keyframes continue to show the men in their formal setting, with Chris maintaining an earnest and focused demeanor as he answers questions.
*   **79.68-122.15s:** The interview continues, with Chris maintaining a serious expression as he looks towards the interviewers. The back of a person with white hair is visible in the foreground, opposite Chris, indicating an ongoing conversation. One of the interviewers, an older man with white hair, looks down at a document, asking questions about Chris's academic background. Chris's hands are clasped on the table, showing his focus.
*   **122.16-175.27s:** Chris, with a mustache and goatee, is visible from the chest up, maintaining a serious and earnest expression. The setting remains an office or interview room, with blurred figures and glass partitions in the background. His hands are clasped on the table. A comedic turning point occurs at this stage. Speaker 1 asks, ""Chris, what would you say if a guy walked in for an interview without a shirt on? And I hired him, what would you say?"" Chris, after a deliberate pause, delivers the humorous line, ""He must have had on some really nice pants,"" changing the mood from serious to lighthearted and eliciting an audible reaction (""Oh."") from Speaker 3 (Jay). Chris is then seen with a slight smile or smirk, looking confident.
*   **175.28-249.63s:** Following the interview, Chris, wearing his grey jacket, is seen with a slight smile, looking towards an out-of-focus person. Jay (Speaker 3) praises Chris: ""I don't know how you did it dressed as a garbage man, but you really pulled it off in there."" Chris thanks him, and Jay tells him to call him by his first name. Speaker 1 then attempts to informally offer Chris the position, saying, ""All right, we'll talk to you soon."" Chris misunderstands, replying, ""I'll let you know, Jay."" Speaker 1 clarifies, ""You'll you'll let me know, Jay."" Chris, confused, asks, ""What do you mean?"" Speaker 1 says, ""Yeah, I'll I'll give you a call tomorrow sometime and,"" but then immediately states, ""Listen. There's no salary."" This is a significant emotional turning point, as Chris's face shifts to a pensive, furrowed expression, and he expresses concern: ""No. I was not aware of that. My circumstances have changed some and I I need to be certain that I'll be able to Okay. Okay."" The scene shifts to Speaker 1 in a pinstripe suit, earnestly speaking in what appears to be a hallway, discussing Chris with Jay. Speaker 1 stresses, ""Tonight, I swear I will fill your spot. I promise."" Jay then expresses his frustration, warning Speaker 1 about the partners' perception if Chris backs out: ""You don't look like if you back out, you know what I'll look like to the partners?"" Speaker 1 responds directly, ""Yes, an ass."" Jay confirms, ""Yeah, an ass. All the way."" Jay concludes, ""You are a piece of work,"" emphasizing the intensity of the situation. The visual shows Speaker 1 with a serious and direct expression, facing the camera, while Jay's back is visible. Speaker 1's final word in the transcript is ""Tonight.""
*   **249.64-255.0s (End):** The video concludes visually with a brightly colored end screen graphic featuring a hot pink background. A white ""BINGE SOCIETY"" logo, resembling a film clapperboard, is in the upper center, flanked by two yellow rectangular video placeholders. ""SUBSCRIBE"" is prominently displayed in white at the bottom, followed by white social media icons for Instagram, Facebook, and Twitter. This is a static call-to-action screen, devoid of people or further narrative content.","**Main Activities:**
1. Chris Gardner arrives at the office, dressed in a casual outfit and explaining his presence.
2. A discussion about Gardner's background and qualities begins with colleagues expressing admiration for his earnestness and diligence.
3. The conversation shifts to Gardner’s recent arrest due to failure to pay parking tickets.
4. Colleagues discuss Gardner’s determination and intelligence, noting he has been seen multiple times at the office.
5. Gardner shares a story about being first in class during school days and in military training.
6. The video ends with a humorous exchange where Jay offers to fill Gardner's spot for an interview.

**Speakers:**
- SPEAKER_00: Chris Gardner
- SPEAKER_01: Jay (a colleague)
- SPEAKER_02: Mr. Twistle (likely another colleague)

**Visual Events:**
- [5.32s - 16.3s] OSS-VLM shows a man with short, dark hair and a mustache in a professional setting.
- [15.92s - 28.7s] A man standing in a room speaks or reacts to something off-camera.
- [26.56s - 48.8s] Two men seated at a conference table discuss, with one speaking and gesturing.
- [37.7s - 59.6s] A man stands in a modern office setting explaining his situation.
- [57.0s - 122.16s] Multiple scenes show three or more men engaged in discussions around tables.
- [143.40s - 180.9s] A man with a mustache, wearing a grey jacket, sits at a table and speaks to someone off-camera.
- [175.28s - 217.76s] Scenes show men in suits speaking or listening attentively.
- [249.64s - 255.0s] The video transitions to a static end screen with the ""Binge Society"" logo.

The emotional and comedic turning points are evident when Jay mentions that Gardner was arrested for failure to pay parking tickets, which shifts the mood from professional admiration to humor:

- [57.0s - 63.4s]
SPEAKER_01: And I ran all the way here from the Polk station, the police station.
SPEAKER_02: Chris, what would you say if a guy walked in for an interview without a shirt on?
- [185.9s - 232.5s]
SPEAKER_02: Chris, I don't know how you did it dressed as a garbage man, but you really pulled it off in there.
SPEAKER_02: You are a piece of work.

The video ends visually with the static end screen featuring the vibrant pink background and ""Binge Society"" logo.","This video features a memorable scene from the movie ""The Pursuit of Happyness.""

**Main Activities:**
The central activity is a job interview. Chris Gardner (played by Will Smith), dressed casually, arrives for an interview with several men in suits. He explains his appearance by confessing to being arrested for unpaid parking tickets. He then proceeds to answer questions about his determination and intellect, trying to impress the interviewers.

**Speakers:**
*   **Chris Gardner (Will Smith):** He is the main speaker, explaining his situation and answering questions with a mix of sincerity, wit, and determination. He acknowledges his less-than-ideal appearance and shares personal anecdotes to demonstrate his qualities.
*   **Interviewers:** There are four interviewers, dressed in suits. Two of them, particularly an older gentleman with white hair and a younger man with a patterned tie, actively question Chris. They initially appear skeptical but seem increasingly impressed by his responses.

**Visual Events:**
*   **Chris's Entrance:** Chris initially appears disheveled, running into the busy office area. He is visibly out of place among the smartly dressed professionals.
*   **The Interview Setting:** The interview takes place in a modern, well-lit office with large windows overlooking a city skyline. The interviewers are seated at a long, polished table.
*   **Chris's Demeanor:** Despite his appearance and the challenging questions, Chris maintains eye contact, speaks clearly, and uses expressive hand gestures, conveying his earnestness and intelligence.
*   **Reactions of Interviewers:** The interviewers' expressions shift from initial skepticism and amusement to attentiveness and increasing admiration as Chris speaks. They exchange glances, indicating their assessment of him.
*   **Subtle Humor:** There's a subtle comedic element, particularly when Chris admits to being arrested for parking tickets and states he was painting his apartment, leading to a quick exchange about whether it's dry now.

In essence, the video captures a critical moment where Chris Gardner, against all odds and appearances, attempts to secure a life-changing opportunity through sheer determination and honesty during a high-stakes job interview.","Answer: The video starts with a man standing in a busy office, observing people working. He then walks into a conference room where several men are seated. He shakes hands with a man named Chris Gardner, who is dressed formally. They sit down, and the man explains that he was arrested for failing to pay parking tickets. He then begins to interview the seated men, asking them questions about their business and their interest in hiring him. The men seem skeptical but eventually agree to hire him. The man then enters a courtroom where a judge is seated. He addresses the judge and expresses his gratitude for the opportunity. The video ends with a call to action to subscribe to a YouTube channel called Binge Society.",0.1138305,0.0386295,0.0,0.24,0.060018400000000006,0.075201
79680.0,0.0,"Three men are visible in what appears to be a formal meeting within an office or boardroom, featuring large windows with a blurred city view in the background. Two men face the camera, dressed in business suits; one man with light brown hair looks forward with a serious expression, while the other with white hair looks down at an open book or binder on the dark wooden table, with his hands resting on it. Subtitles read ""with some 40-pound gizmo for over a month."", conveying a professional and serious conversation, while a ""BINGE SOCIETY"" logo and copyright information are also displayed on the screen.","At 79.7 seconds, the keyframe shows a man in a suit and tie sitting at a desk, gesturing with his right hand while speaking. He appears to be explaining something, possibly about a 40-pound gizmo. The setting is an office with large windows, suggesting a professional environment. The man's facial expression is serious, and he seems to be engaged in a conversation or presentation. The other person, also in a suit, is facing him, listening attentively. The overall tone of the scene is formal and business-like, indicating that this might be an interview or a meeting.",0.0007394999999999999,"This video clip from ""The Pursuit of Happyness"" features Chris Gardner (Will Smith) attending a job interview with several executives, most notably Jay.

**Main Activities:**
1.  **Arrival and Explanation:** Chris, visibly sweaty and disheveled, rushes into the professional office and then into a conference room, where several suited men are waiting for his interview. He immediately addresses his appearance, confessing he was arrested for unpaid parking tickets and had to run from the police station after painting his apartment, thus appearing in his current state.
2.  **Interview Questions:** The interviewers probe Chris about his background, his determination (as vouched for by Jay), and his intelligence. Chris confidently asserts his ability to find answers even if he doesn't know them initially.
3.  **Humorous Exchange:** The lead interviewer, Jay, poses a hypothetical question: ""What would you say if a guy walked in for an interview without a shirt on... and I hired him?"" After a pause, Chris cleverly replies, ""He must've had on some really nice pants,"" which makes the entire panel erupt in laughter.
4.  **Job Offer Discussion:** After the interview, as Chris is leaving, Jay praises him for his performance despite his appearance and tells him he can call him Jay. Chris then, to Jay's surprise, says he'll ""let him know"" about the job. Chris clarifies his hesitation, revealing he was unaware the internship was unpaid, and he needs to ensure he can support himself.
5.  **Final Exchange:** A tense but humorous exchange follows where Jay emphasizes that if Chris backs out, he'll look bad to the partners. Chris finishes Jay's sentence with a bleeped expletive (""an ass***""), and Jay, though frustrated, ultimately calls Chris ""a piece of work"" with a smile, still pushing for a decision by ""tonight.""

**Speakers:**
*   **Chris Gardner (Will Smith):** The job applicant, who explains his situation, answers questions, and delivers witty remarks.
*   **Jay (the main interviewer):** A senior executive who leads the interview, asks pointed questions, and ultimately offers Chris the position.
*   **Other Executives:** Several other suited men are present on the interview panel, asking follow-up questions and reacting to Chris's responses.
*   **Female Assistant:** Briefly introduces Chris at the start.

**Visual Events:**
*   Chris's sweaty, worn appearance contrasts sharply with the sleek, professional office and the executives' crisp suits.
*   The camera frequently cuts between Chris's expressive face and the reactions (surprise, amusement, eventual admiration) of the interview panel.
*   The wide shots of the conference room emphasize the formality of the situation against Chris's informality.
*   The laughter from the panel after Chris's joke marks a turning point in the interview's tone.
*   The final close-ups of Chris and Jay show their direct, slightly confrontational, but ultimately respectful and humorous exchange.","The video details a pivotal job interview and its immediate aftermath, revolving around Chris Gardner's determined pursuit of a position as a stockbroker trainee despite challenging circumstances. The narrative unfolds through a series of intense dialogues and observations within a professional office environment.

**Main Activities:**
1.  Chris Gardner undergoes a high-stakes job interview for a stockbroker trainee position, explaining his unconventional attire.
2.  The interviewers question Chris about his background, determination, and ability to learn the business.
3.  A comedic exchange regarding a hypothetical interviewee without a shirt lightens the mood.
4.  Chris is informally offered the trainee position, leading to a moment of unexpected hesitation due to its unpaid nature.
5.  An intense discussion ensues between one of the interviewers and his colleague about securing Chris's acceptance.

**Speakers:**
*   **Speaker 1:** An interviewer, likely a partner or senior manager, who primarily questions Chris and later discusses Chris with Jay.
*   **Speaker 2:** Chris Gardner, the determined job applicant.
*   **Speaker 3:** Jay, another interviewer or colleague of Speaker 1, who initially vouches for Chris and later expresses concern about Chris accepting the offer.

**Visual Events:**
*   **0:00-15.91s:** The video opens with a man, presumably Chris Gardner, looking intense and sweating, possibly rushing or under duress. He is seen with dark, curly hair and a mustache, wearing a light-colored, open-collared shirt. The setting is a busy office or professional environment with blurred figures in the background. The visual establishes a sense of urgency before the interview truly begins.
*   **15.92-26.55s:** Chris Gardner, now appearing more composed but still earnest, is visible from the chest up, moving towards the right against a backdrop of vertical grey panels, dressed in a grey jacket over a white undershirt. This transitions into a key scene where three men in suits, including Chris, are seated around a conference table in a high-rise office with large windows overlooking a city skyline, setting a formal business tone for the interview.
*   **26.56-58.43s:** Chris, resembling Will Smith, is animated and speaking with an open-mouthed expression, dressed in his grey jacket and white tank top in what appears to be a modern office. He gestures actively with both hands while explaining his situation to the group of five men in suits. The atmosphere is professional and serious, but Chris's energetic delivery adds a dynamic element. The interviewers listen with mostly neutral expressions.
*   **58.44-79.67s:** The scene remains focused on the interview within the modern office. The man on the left in a pinstripe suit reacts with a possibly surprised expression, aligning with his dialogue. An older man in a dark suit sits beside him, attentive. The keyframes continue to show the men in their formal setting, with Chris maintaining an earnest and focused demeanor as he answers questions.
*   **79.68-122.15s:** The interview continues, with Chris maintaining a serious expression as he looks towards the interviewers. The back of a person with white hair is visible in the foreground, opposite Chris, indicating an ongoing conversation. One of the interviewers, an older man with white hair, looks down at a document, asking questions about Chris's academic background. Chris's hands are clasped on the table, showing his focus.
*   **122.16-175.27s:** Chris, with a mustache and goatee, is visible from the chest up, maintaining a serious and earnest expression. The setting remains an office or interview room, with blurred figures and glass partitions in the background. His hands are clasped on the table. A comedic turning point occurs at this stage. Speaker 1 asks, ""Chris, what would you say if a guy walked in for an interview without a shirt on? And I hired him, what would you say?"" Chris, after a deliberate pause, delivers the humorous line, ""He must have had on some really nice pants,"" changing the mood from serious to lighthearted and eliciting an audible reaction (""Oh."") from Speaker 3 (Jay). Chris is then seen with a slight smile or smirk, looking confident.
*   **175.28-249.63s:** Following the interview, Chris, wearing his grey jacket, is seen with a slight smile, looking towards an out-of-focus person. Jay (Speaker 3) praises Chris: ""I don't know how you did it dressed as a garbage man, but you really pulled it off in there."" Chris thanks him, and Jay tells him to call him by his first name. Speaker 1 then attempts to informally offer Chris the position, saying, ""All right, we'll talk to you soon."" Chris misunderstands, replying, ""I'll let you know, Jay."" Speaker 1 clarifies, ""You'll you'll let me know, Jay."" Chris, confused, asks, ""What do you mean?"" Speaker 1 says, ""Yeah, I'll I'll give you a call tomorrow sometime and,"" but then immediately states, ""Listen. There's no salary."" This is a significant emotional turning point, as Chris's face shifts to a pensive, furrowed expression, and he expresses concern: ""No. I was not aware of that. My circumstances have changed some and I I need to be certain that I'll be able to Okay. Okay."" The scene shifts to Speaker 1 in a pinstripe suit, earnestly speaking in what appears to be a hallway, discussing Chris with Jay. Speaker 1 stresses, ""Tonight, I swear I will fill your spot. I promise."" Jay then expresses his frustration, warning Speaker 1 about the partners' perception if Chris backs out: ""You don't look like if you back out, you know what I'll look like to the partners?"" Speaker 1 responds directly, ""Yes, an ass."" Jay confirms, ""Yeah, an ass. All the way."" Jay concludes, ""You are a piece of work,"" emphasizing the intensity of the situation. The visual shows Speaker 1 with a serious and direct expression, facing the camera, while Jay's back is visible. Speaker 1's final word in the transcript is ""Tonight.""
*   **249.64-255.0s (End):** The video concludes visually with a brightly colored end screen graphic featuring a hot pink background. A white ""BINGE SOCIETY"" logo, resembling a film clapperboard, is in the upper center, flanked by two yellow rectangular video placeholders. ""SUBSCRIBE"" is prominently displayed in white at the bottom, followed by white social media icons for Instagram, Facebook, and Twitter. This is a static call-to-action screen, devoid of people or further narrative content.","**Main Activities:**
1. Chris Gardner arrives at the office, dressed in a casual outfit and explaining his presence.
2. A discussion about Gardner's background and qualities begins with colleagues expressing admiration for his earnestness and diligence.
3. The conversation shifts to Gardner’s recent arrest due to failure to pay parking tickets.
4. Colleagues discuss Gardner’s determination and intelligence, noting he has been seen multiple times at the office.
5. Gardner shares a story about being first in class during school days and in military training.
6. The video ends with a humorous exchange where Jay offers to fill Gardner's spot for an interview.

**Speakers:**
- SPEAKER_00: Chris Gardner
- SPEAKER_01: Jay (a colleague)
- SPEAKER_02: Mr. Twistle (likely another colleague)

**Visual Events:**
- [5.32s - 16.3s] OSS-VLM shows a man with short, dark hair and a mustache in a professional setting.
- [15.92s - 28.7s] A man standing in a room speaks or reacts to something off-camera.
- [26.56s - 48.8s] Two men seated at a conference table discuss, with one speaking and gesturing.
- [37.7s - 59.6s] A man stands in a modern office setting explaining his situation.
- [57.0s - 122.16s] Multiple scenes show three or more men engaged in discussions around tables.
- [143.40s - 180.9s] A man with a mustache, wearing a grey jacket, sits at a table and speaks to someone off-camera.
- [175.28s - 217.76s] Scenes show men in suits speaking or listening attentively.
- [249.64s - 255.0s] The video transitions to a static end screen with the ""Binge Society"" logo.

The emotional and comedic turning points are evident when Jay mentions that Gardner was arrested for failure to pay parking tickets, which shifts the mood from professional admiration to humor:

- [57.0s - 63.4s]
SPEAKER_01: And I ran all the way here from the Polk station, the police station.
SPEAKER_02: Chris, what would you say if a guy walked in for an interview without a shirt on?
- [185.9s - 232.5s]
SPEAKER_02: Chris, I don't know how you did it dressed as a garbage man, but you really pulled it off in there.
SPEAKER_02: You are a piece of work.

The video ends visually with the static end screen featuring the vibrant pink background and ""Binge Society"" logo.","This video features a memorable scene from the movie ""The Pursuit of Happyness.""

**Main Activities:**
The central activity is a job interview. Chris Gardner (played by Will Smith), dressed casually, arrives for an interview with several men in suits. He explains his appearance by confessing to being arrested for unpaid parking tickets. He then proceeds to answer questions about his determination and intellect, trying to impress the interviewers.

**Speakers:**
*   **Chris Gardner (Will Smith):** He is the main speaker, explaining his situation and answering questions with a mix of sincerity, wit, and determination. He acknowledges his less-than-ideal appearance and shares personal anecdotes to demonstrate his qualities.
*   **Interviewers:** There are four interviewers, dressed in suits. Two of them, particularly an older gentleman with white hair and a younger man with a patterned tie, actively question Chris. They initially appear skeptical but seem increasingly impressed by his responses.

**Visual Events:**
*   **Chris's Entrance:** Chris initially appears disheveled, running into the busy office area. He is visibly out of place among the smartly dressed professionals.
*   **The Interview Setting:** The interview takes place in a modern, well-lit office with large windows overlooking a city skyline. The interviewers are seated at a long, polished table.
*   **Chris's Demeanor:** Despite his appearance and the challenging questions, Chris maintains eye contact, speaks clearly, and uses expressive hand gestures, conveying his earnestness and intelligence.
*   **Reactions of Interviewers:** The interviewers' expressions shift from initial skepticism and amusement to attentiveness and increasing admiration as Chris speaks. They exchange glances, indicating their assessment of him.
*   **Subtle Humor:** There's a subtle comedic element, particularly when Chris admits to being arrested for parking tickets and states he was painting his apartment, leading to a quick exchange about whether it's dry now.

In essence, the video captures a critical moment where Chris Gardner, against all odds and appearances, attempts to secure a life-changing opportunity through sheer determination and honesty during a high-stakes job interview.","Answer: The video starts with a man standing in a busy office, observing people working. He then walks into a conference room where several men are seated. He shakes hands with a man named Chris Gardner, who is dressed formally. They sit down, and the man explains that he was arrested for failing to pay parking tickets. He then begins to interview the seated men, asking them questions about their business and their interest in hiring him. The men seem skeptical but eventually agree to hire him. The man then enters a courtroom where a judge is seated. He addresses the judge and expresses his gratitude for the opportunity. The video ends with a call to action to subscribe to a YouTube channel called Binge Society.",0.1138305,0.0386295,0.0,0.24,0.060018400000000006,0.075201
90280.0,0.0,"In this keyframe, actor Will Smith is prominently featured in the foreground, looking forward with a somber and possibly distressed expression, his eyes appearing moist. He is seated in what looks like an indoor, possibly institutional or office setting, with blurred figures in the background and another out-of-focus person's shoulder visible on the right, suggesting an intense conversation or interaction. The ""BINGE SOCIETY"" logo is present in the top left, and copyright details for Columbia Pictures and GH One LLC from 2006 are displayed at the bottom.","At 90.3 seconds, the keyframe shows a man with a mustache and a serious expression, looking directly at the camera. He is wearing a gray shirt and appears to be in a dimly lit room with other people in the background. The setting suggests a serious or intense conversation, possibly an interview or meeting, with a somber emotional tone.",0.0007214999999999999,"This video clip from ""The Pursuit of Happyness"" features Chris Gardner (Will Smith) attending a job interview with several executives, most notably Jay.

**Main Activities:**
1.  **Arrival and Explanation:** Chris, visibly sweaty and disheveled, rushes into the professional office and then into a conference room, where several suited men are waiting for his interview. He immediately addresses his appearance, confessing he was arrested for unpaid parking tickets and had to run from the police station after painting his apartment, thus appearing in his current state.
2.  **Interview Questions:** The interviewers probe Chris about his background, his determination (as vouched for by Jay), and his intelligence. Chris confidently asserts his ability to find answers even if he doesn't know them initially.
3.  **Humorous Exchange:** The lead interviewer, Jay, poses a hypothetical question: ""What would you say if a guy walked in for an interview without a shirt on... and I hired him?"" After a pause, Chris cleverly replies, ""He must've had on some really nice pants,"" which makes the entire panel erupt in laughter.
4.  **Job Offer Discussion:** After the interview, as Chris is leaving, Jay praises him for his performance despite his appearance and tells him he can call him Jay. Chris then, to Jay's surprise, says he'll ""let him know"" about the job. Chris clarifies his hesitation, revealing he was unaware the internship was unpaid, and he needs to ensure he can support himself.
5.  **Final Exchange:** A tense but humorous exchange follows where Jay emphasizes that if Chris backs out, he'll look bad to the partners. Chris finishes Jay's sentence with a bleeped expletive (""an ass***""), and Jay, though frustrated, ultimately calls Chris ""a piece of work"" with a smile, still pushing for a decision by ""tonight.""

**Speakers:**
*   **Chris Gardner (Will Smith):** The job applicant, who explains his situation, answers questions, and delivers witty remarks.
*   **Jay (the main interviewer):** A senior executive who leads the interview, asks pointed questions, and ultimately offers Chris the position.
*   **Other Executives:** Several other suited men are present on the interview panel, asking follow-up questions and reacting to Chris's responses.
*   **Female Assistant:** Briefly introduces Chris at the start.

**Visual Events:**
*   Chris's sweaty, worn appearance contrasts sharply with the sleek, professional office and the executives' crisp suits.
*   The camera frequently cuts between Chris's expressive face and the reactions (surprise, amusement, eventual admiration) of the interview panel.
*   The wide shots of the conference room emphasize the formality of the situation against Chris's informality.
*   The laughter from the panel after Chris's joke marks a turning point in the interview's tone.
*   The final close-ups of Chris and Jay show their direct, slightly confrontational, but ultimately respectful and humorous exchange.","The video details a pivotal job interview and its immediate aftermath, revolving around Chris Gardner's determined pursuit of a position as a stockbroker trainee despite challenging circumstances. The narrative unfolds through a series of intense dialogues and observations within a professional office environment.

**Main Activities:**
1.  Chris Gardner undergoes a high-stakes job interview for a stockbroker trainee position, explaining his unconventional attire.
2.  The interviewers question Chris about his background, determination, and ability to learn the business.
3.  A comedic exchange regarding a hypothetical interviewee without a shirt lightens the mood.
4.  Chris is informally offered the trainee position, leading to a moment of unexpected hesitation due to its unpaid nature.
5.  An intense discussion ensues between one of the interviewers and his colleague about securing Chris's acceptance.

**Speakers:**
*   **Speaker 1:** An interviewer, likely a partner or senior manager, who primarily questions Chris and later discusses Chris with Jay.
*   **Speaker 2:** Chris Gardner, the determined job applicant.
*   **Speaker 3:** Jay, another interviewer or colleague of Speaker 1, who initially vouches for Chris and later expresses concern about Chris accepting the offer.

**Visual Events:**
*   **0:00-15.91s:** The video opens with a man, presumably Chris Gardner, looking intense and sweating, possibly rushing or under duress. He is seen with dark, curly hair and a mustache, wearing a light-colored, open-collared shirt. The setting is a busy office or professional environment with blurred figures in the background. The visual establishes a sense of urgency before the interview truly begins.
*   **15.92-26.55s:** Chris Gardner, now appearing more composed but still earnest, is visible from the chest up, moving towards the right against a backdrop of vertical grey panels, dressed in a grey jacket over a white undershirt. This transitions into a key scene where three men in suits, including Chris, are seated around a conference table in a high-rise office with large windows overlooking a city skyline, setting a formal business tone for the interview.
*   **26.56-58.43s:** Chris, resembling Will Smith, is animated and speaking with an open-mouthed expression, dressed in his grey jacket and white tank top in what appears to be a modern office. He gestures actively with both hands while explaining his situation to the group of five men in suits. The atmosphere is professional and serious, but Chris's energetic delivery adds a dynamic element. The interviewers listen with mostly neutral expressions.
*   **58.44-79.67s:** The scene remains focused on the interview within the modern office. The man on the left in a pinstripe suit reacts with a possibly surprised expression, aligning with his dialogue. An older man in a dark suit sits beside him, attentive. The keyframes continue to show the men in their formal setting, with Chris maintaining an earnest and focused demeanor as he answers questions.
*   **79.68-122.15s:** The interview continues, with Chris maintaining a serious expression as he looks towards the interviewers. The back of a person with white hair is visible in the foreground, opposite Chris, indicating an ongoing conversation. One of the interviewers, an older man with white hair, looks down at a document, asking questions about Chris's academic background. Chris's hands are clasped on the table, showing his focus.
*   **122.16-175.27s:** Chris, with a mustache and goatee, is visible from the chest up, maintaining a serious and earnest expression. The setting remains an office or interview room, with blurred figures and glass partitions in the background. His hands are clasped on the table. A comedic turning point occurs at this stage. Speaker 1 asks, ""Chris, what would you say if a guy walked in for an interview without a shirt on? And I hired him, what would you say?"" Chris, after a deliberate pause, delivers the humorous line, ""He must have had on some really nice pants,"" changing the mood from serious to lighthearted and eliciting an audible reaction (""Oh."") from Speaker 3 (Jay). Chris is then seen with a slight smile or smirk, looking confident.
*   **175.28-249.63s:** Following the interview, Chris, wearing his grey jacket, is seen with a slight smile, looking towards an out-of-focus person. Jay (Speaker 3) praises Chris: ""I don't know how you did it dressed as a garbage man, but you really pulled it off in there."" Chris thanks him, and Jay tells him to call him by his first name. Speaker 1 then attempts to informally offer Chris the position, saying, ""All right, we'll talk to you soon."" Chris misunderstands, replying, ""I'll let you know, Jay."" Speaker 1 clarifies, ""You'll you'll let me know, Jay."" Chris, confused, asks, ""What do you mean?"" Speaker 1 says, ""Yeah, I'll I'll give you a call tomorrow sometime and,"" but then immediately states, ""Listen. There's no salary."" This is a significant emotional turning point, as Chris's face shifts to a pensive, furrowed expression, and he expresses concern: ""No. I was not aware of that. My circumstances have changed some and I I need to be certain that I'll be able to Okay. Okay."" The scene shifts to Speaker 1 in a pinstripe suit, earnestly speaking in what appears to be a hallway, discussing Chris with Jay. Speaker 1 stresses, ""Tonight, I swear I will fill your spot. I promise."" Jay then expresses his frustration, warning Speaker 1 about the partners' perception if Chris backs out: ""You don't look like if you back out, you know what I'll look like to the partners?"" Speaker 1 responds directly, ""Yes, an ass."" Jay confirms, ""Yeah, an ass. All the way."" Jay concludes, ""You are a piece of work,"" emphasizing the intensity of the situation. The visual shows Speaker 1 with a serious and direct expression, facing the camera, while Jay's back is visible. Speaker 1's final word in the transcript is ""Tonight.""
*   **249.64-255.0s (End):** The video concludes visually with a brightly colored end screen graphic featuring a hot pink background. A white ""BINGE SOCIETY"" logo, resembling a film clapperboard, is in the upper center, flanked by two yellow rectangular video placeholders. ""SUBSCRIBE"" is prominently displayed in white at the bottom, followed by white social media icons for Instagram, Facebook, and Twitter. This is a static call-to-action screen, devoid of people or further narrative content.","**Main Activities:**
1. Chris Gardner arrives at the office, dressed in a casual outfit and explaining his presence.
2. A discussion about Gardner's background and qualities begins with colleagues expressing admiration for his earnestness and diligence.
3. The conversation shifts to Gardner’s recent arrest due to failure to pay parking tickets.
4. Colleagues discuss Gardner’s determination and intelligence, noting he has been seen multiple times at the office.
5. Gardner shares a story about being first in class during school days and in military training.
6. The video ends with a humorous exchange where Jay offers to fill Gardner's spot for an interview.

**Speakers:**
- SPEAKER_00: Chris Gardner
- SPEAKER_01: Jay (a colleague)
- SPEAKER_02: Mr. Twistle (likely another colleague)

**Visual Events:**
- [5.32s - 16.3s] OSS-VLM shows a man with short, dark hair and a mustache in a professional setting.
- [15.92s - 28.7s] A man standing in a room speaks or reacts to something off-camera.
- [26.56s - 48.8s] Two men seated at a conference table discuss, with one speaking and gesturing.
- [37.7s - 59.6s] A man stands in a modern office setting explaining his situation.
- [57.0s - 122.16s] Multiple scenes show three or more men engaged in discussions around tables.
- [143.40s - 180.9s] A man with a mustache, wearing a grey jacket, sits at a table and speaks to someone off-camera.
- [175.28s - 217.76s] Scenes show men in suits speaking or listening attentively.
- [249.64s - 255.0s] The video transitions to a static end screen with the ""Binge Society"" logo.

The emotional and comedic turning points are evident when Jay mentions that Gardner was arrested for failure to pay parking tickets, which shifts the mood from professional admiration to humor:

- [57.0s - 63.4s]
SPEAKER_01: And I ran all the way here from the Polk station, the police station.
SPEAKER_02: Chris, what would you say if a guy walked in for an interview without a shirt on?
- [185.9s - 232.5s]
SPEAKER_02: Chris, I don't know how you did it dressed as a garbage man, but you really pulled it off in there.
SPEAKER_02: You are a piece of work.

The video ends visually with the static end screen featuring the vibrant pink background and ""Binge Society"" logo.","This video features a memorable scene from the movie ""The Pursuit of Happyness.""

**Main Activities:**
The central activity is a job interview. Chris Gardner (played by Will Smith), dressed casually, arrives for an interview with several men in suits. He explains his appearance by confessing to being arrested for unpaid parking tickets. He then proceeds to answer questions about his determination and intellect, trying to impress the interviewers.

**Speakers:**
*   **Chris Gardner (Will Smith):** He is the main speaker, explaining his situation and answering questions with a mix of sincerity, wit, and determination. He acknowledges his less-than-ideal appearance and shares personal anecdotes to demonstrate his qualities.
*   **Interviewers:** There are four interviewers, dressed in suits. Two of them, particularly an older gentleman with white hair and a younger man with a patterned tie, actively question Chris. They initially appear skeptical but seem increasingly impressed by his responses.

**Visual Events:**
*   **Chris's Entrance:** Chris initially appears disheveled, running into the busy office area. He is visibly out of place among the smartly dressed professionals.
*   **The Interview Setting:** The interview takes place in a modern, well-lit office with large windows overlooking a city skyline. The interviewers are seated at a long, polished table.
*   **Chris's Demeanor:** Despite his appearance and the challenging questions, Chris maintains eye contact, speaks clearly, and uses expressive hand gestures, conveying his earnestness and intelligence.
*   **Reactions of Interviewers:** The interviewers' expressions shift from initial skepticism and amusement to attentiveness and increasing admiration as Chris speaks. They exchange glances, indicating their assessment of him.
*   **Subtle Humor:** There's a subtle comedic element, particularly when Chris admits to being arrested for parking tickets and states he was painting his apartment, leading to a quick exchange about whether it's dry now.

In essence, the video captures a critical moment where Chris Gardner, against all odds and appearances, attempts to secure a life-changing opportunity through sheer determination and honesty during a high-stakes job interview.","Answer: The video starts with a man standing in a busy office, observing people working. He then walks into a conference room where several men are seated. He shakes hands with a man named Chris Gardner, who is dressed formally. They sit down, and the man explains that he was arrested for failing to pay parking tickets. He then begins to interview the seated men, asking them questions about their business and their interest in hiring him. The men seem skeptical but eventually agree to hire him. The man then enters a courtroom where a judge is seated. He addresses the judge and expresses his gratitude for the opportunity. The video ends with a call to action to subscribe to a YouTube channel called Binge Society.",0.1138305,0.0386295,0.0,0.24,0.060018400000000006,0.075201
100920.0,0.0,"This keyframe shows a man, identifiable as Will Smith, sitting at a table in what appears to be an office with blurred glass partitions and other people in the background. He has a slight smirk and confident expression, with his hands clasped, and appears to be speaking the subtitle ""No. No. Jacket and tie."" The man in the foreground is dressed in a grey jacket, and another person with white hair is visible from the back, sitting opposite him, suggesting an informal conversation or meeting with a lighthearted but potentially challenging tone. ""BINGE SOCIETY"" and copyright information are visible as text overlays.","At 100.9 seconds, the keyframe shows a man in a casual jacket and shirt sitting at a desk, speaking with a serious expression. He is in a modern office setting with multiple desks and computers in the background. The man is gesturing with his hands as he speaks, and there is a subtitle at the bottom of the screen that reads, ""No. No. Jacket and tie."" The setting suggests a professional environment, and the man's serious demeanor indicates that he is engaged in a serious conversation or interview.",0.0007379999999999999,"This video clip from ""The Pursuit of Happyness"" features Chris Gardner (Will Smith) attending a job interview with several executives, most notably Jay.

**Main Activities:**
1.  **Arrival and Explanation:** Chris, visibly sweaty and disheveled, rushes into the professional office and then into a conference room, where several suited men are waiting for his interview. He immediately addresses his appearance, confessing he was arrested for unpaid parking tickets and had to run from the police station after painting his apartment, thus appearing in his current state.
2.  **Interview Questions:** The interviewers probe Chris about his background, his determination (as vouched for by Jay), and his intelligence. Chris confidently asserts his ability to find answers even if he doesn't know them initially.
3.  **Humorous Exchange:** The lead interviewer, Jay, poses a hypothetical question: ""What would you say if a guy walked in for an interview without a shirt on... and I hired him?"" After a pause, Chris cleverly replies, ""He must've had on some really nice pants,"" which makes the entire panel erupt in laughter.
4.  **Job Offer Discussion:** After the interview, as Chris is leaving, Jay praises him for his performance despite his appearance and tells him he can call him Jay. Chris then, to Jay's surprise, says he'll ""let him know"" about the job. Chris clarifies his hesitation, revealing he was unaware the internship was unpaid, and he needs to ensure he can support himself.
5.  **Final Exchange:** A tense but humorous exchange follows where Jay emphasizes that if Chris backs out, he'll look bad to the partners. Chris finishes Jay's sentence with a bleeped expletive (""an ass***""), and Jay, though frustrated, ultimately calls Chris ""a piece of work"" with a smile, still pushing for a decision by ""tonight.""

**Speakers:**
*   **Chris Gardner (Will Smith):** The job applicant, who explains his situation, answers questions, and delivers witty remarks.
*   **Jay (the main interviewer):** A senior executive who leads the interview, asks pointed questions, and ultimately offers Chris the position.
*   **Other Executives:** Several other suited men are present on the interview panel, asking follow-up questions and reacting to Chris's responses.
*   **Female Assistant:** Briefly introduces Chris at the start.

**Visual Events:**
*   Chris's sweaty, worn appearance contrasts sharply with the sleek, professional office and the executives' crisp suits.
*   The camera frequently cuts between Chris's expressive face and the reactions (surprise, amusement, eventual admiration) of the interview panel.
*   The wide shots of the conference room emphasize the formality of the situation against Chris's informality.
*   The laughter from the panel after Chris's joke marks a turning point in the interview's tone.
*   The final close-ups of Chris and Jay show their direct, slightly confrontational, but ultimately respectful and humorous exchange.","The video details a pivotal job interview and its immediate aftermath, revolving around Chris Gardner's determined pursuit of a position as a stockbroker trainee despite challenging circumstances. The narrative unfolds through a series of intense dialogues and observations within a professional office environment.

**Main Activities:**
1.  Chris Gardner undergoes a high-stakes job interview for a stockbroker trainee position, explaining his unconventional attire.
2.  The interviewers question Chris about his background, determination, and ability to learn the business.
3.  A comedic exchange regarding a hypothetical interviewee without a shirt lightens the mood.
4.  Chris is informally offered the trainee position, leading to a moment of unexpected hesitation due to its unpaid nature.
5.  An intense discussion ensues between one of the interviewers and his colleague about securing Chris's acceptance.

**Speakers:**
*   **Speaker 1:** An interviewer, likely a partner or senior manager, who primarily questions Chris and later discusses Chris with Jay.
*   **Speaker 2:** Chris Gardner, the determined job applicant.
*   **Speaker 3:** Jay, another interviewer or colleague of Speaker 1, who initially vouches for Chris and later expresses concern about Chris accepting the offer.

**Visual Events:**
*   **0:00-15.91s:** The video opens with a man, presumably Chris Gardner, looking intense and sweating, possibly rushing or under duress. He is seen with dark, curly hair and a mustache, wearing a light-colored, open-collared shirt. The setting is a busy office or professional environment with blurred figures in the background. The visual establishes a sense of urgency before the interview truly begins.
*   **15.92-26.55s:** Chris Gardner, now appearing more composed but still earnest, is visible from the chest up, moving towards the right against a backdrop of vertical grey panels, dressed in a grey jacket over a white undershirt. This transitions into a key scene where three men in suits, including Chris, are seated around a conference table in a high-rise office with large windows overlooking a city skyline, setting a formal business tone for the interview.
*   **26.56-58.43s:** Chris, resembling Will Smith, is animated and speaking with an open-mouthed expression, dressed in his grey jacket and white tank top in what appears to be a modern office. He gestures actively with both hands while explaining his situation to the group of five men in suits. The atmosphere is professional and serious, but Chris's energetic delivery adds a dynamic element. The interviewers listen with mostly neutral expressions.
*   **58.44-79.67s:** The scene remains focused on the interview within the modern office. The man on the left in a pinstripe suit reacts with a possibly surprised expression, aligning with his dialogue. An older man in a dark suit sits beside him, attentive. The keyframes continue to show the men in their formal setting, with Chris maintaining an earnest and focused demeanor as he answers questions.
*   **79.68-122.15s:** The interview continues, with Chris maintaining a serious expression as he looks towards the interviewers. The back of a person with white hair is visible in the foreground, opposite Chris, indicating an ongoing conversation. One of the interviewers, an older man with white hair, looks down at a document, asking questions about Chris's academic background. Chris's hands are clasped on the table, showing his focus.
*   **122.16-175.27s:** Chris, with a mustache and goatee, is visible from the chest up, maintaining a serious and earnest expression. The setting remains an office or interview room, with blurred figures and glass partitions in the background. His hands are clasped on the table. A comedic turning point occurs at this stage. Speaker 1 asks, ""Chris, what would you say if a guy walked in for an interview without a shirt on? And I hired him, what would you say?"" Chris, after a deliberate pause, delivers the humorous line, ""He must have had on some really nice pants,"" changing the mood from serious to lighthearted and eliciting an audible reaction (""Oh."") from Speaker 3 (Jay). Chris is then seen with a slight smile or smirk, looking confident.
*   **175.28-249.63s:** Following the interview, Chris, wearing his grey jacket, is seen with a slight smile, looking towards an out-of-focus person. Jay (Speaker 3) praises Chris: ""I don't know how you did it dressed as a garbage man, but you really pulled it off in there."" Chris thanks him, and Jay tells him to call him by his first name. Speaker 1 then attempts to informally offer Chris the position, saying, ""All right, we'll talk to you soon."" Chris misunderstands, replying, ""I'll let you know, Jay."" Speaker 1 clarifies, ""You'll you'll let me know, Jay."" Chris, confused, asks, ""What do you mean?"" Speaker 1 says, ""Yeah, I'll I'll give you a call tomorrow sometime and,"" but then immediately states, ""Listen. There's no salary."" This is a significant emotional turning point, as Chris's face shifts to a pensive, furrowed expression, and he expresses concern: ""No. I was not aware of that. My circumstances have changed some and I I need to be certain that I'll be able to Okay. Okay."" The scene shifts to Speaker 1 in a pinstripe suit, earnestly speaking in what appears to be a hallway, discussing Chris with Jay. Speaker 1 stresses, ""Tonight, I swear I will fill your spot. I promise."" Jay then expresses his frustration, warning Speaker 1 about the partners' perception if Chris backs out: ""You don't look like if you back out, you know what I'll look like to the partners?"" Speaker 1 responds directly, ""Yes, an ass."" Jay confirms, ""Yeah, an ass. All the way."" Jay concludes, ""You are a piece of work,"" emphasizing the intensity of the situation. The visual shows Speaker 1 with a serious and direct expression, facing the camera, while Jay's back is visible. Speaker 1's final word in the transcript is ""Tonight.""
*   **249.64-255.0s (End):** The video concludes visually with a brightly colored end screen graphic featuring a hot pink background. A white ""BINGE SOCIETY"" logo, resembling a film clapperboard, is in the upper center, flanked by two yellow rectangular video placeholders. ""SUBSCRIBE"" is prominently displayed in white at the bottom, followed by white social media icons for Instagram, Facebook, and Twitter. This is a static call-to-action screen, devoid of people or further narrative content.","**Main Activities:**
1. Chris Gardner arrives at the office, dressed in a casual outfit and explaining his presence.
2. A discussion about Gardner's background and qualities begins with colleagues expressing admiration for his earnestness and diligence.
3. The conversation shifts to Gardner’s recent arrest due to failure to pay parking tickets.
4. Colleagues discuss Gardner’s determination and intelligence, noting he has been seen multiple times at the office.
5. Gardner shares a story about being first in class during school days and in military training.
6. The video ends with a humorous exchange where Jay offers to fill Gardner's spot for an interview.

**Speakers:**
- SPEAKER_00: Chris Gardner
- SPEAKER_01: Jay (a colleague)
- SPEAKER_02: Mr. Twistle (likely another colleague)

**Visual Events:**
- [5.32s - 16.3s] OSS-VLM shows a man with short, dark hair and a mustache in a professional setting.
- [15.92s - 28.7s] A man standing in a room speaks or reacts to something off-camera.
- [26.56s - 48.8s] Two men seated at a conference table discuss, with one speaking and gesturing.
- [37.7s - 59.6s] A man stands in a modern office setting explaining his situation.
- [57.0s - 122.16s] Multiple scenes show three or more men engaged in discussions around tables.
- [143.40s - 180.9s] A man with a mustache, wearing a grey jacket, sits at a table and speaks to someone off-camera.
- [175.28s - 217.76s] Scenes show men in suits speaking or listening attentively.
- [249.64s - 255.0s] The video transitions to a static end screen with the ""Binge Society"" logo.

The emotional and comedic turning points are evident when Jay mentions that Gardner was arrested for failure to pay parking tickets, which shifts the mood from professional admiration to humor:

- [57.0s - 63.4s]
SPEAKER_01: And I ran all the way here from the Polk station, the police station.
SPEAKER_02: Chris, what would you say if a guy walked in for an interview without a shirt on?
- [185.9s - 232.5s]
SPEAKER_02: Chris, I don't know how you did it dressed as a garbage man, but you really pulled it off in there.
SPEAKER_02: You are a piece of work.

The video ends visually with the static end screen featuring the vibrant pink background and ""Binge Society"" logo.","This video features a memorable scene from the movie ""The Pursuit of Happyness.""

**Main Activities:**
The central activity is a job interview. Chris Gardner (played by Will Smith), dressed casually, arrives for an interview with several men in suits. He explains his appearance by confessing to being arrested for unpaid parking tickets. He then proceeds to answer questions about his determination and intellect, trying to impress the interviewers.

**Speakers:**
*   **Chris Gardner (Will Smith):** He is the main speaker, explaining his situation and answering questions with a mix of sincerity, wit, and determination. He acknowledges his less-than-ideal appearance and shares personal anecdotes to demonstrate his qualities.
*   **Interviewers:** There are four interviewers, dressed in suits. Two of them, particularly an older gentleman with white hair and a younger man with a patterned tie, actively question Chris. They initially appear skeptical but seem increasingly impressed by his responses.

**Visual Events:**
*   **Chris's Entrance:** Chris initially appears disheveled, running into the busy office area. He is visibly out of place among the smartly dressed professionals.
*   **The Interview Setting:** The interview takes place in a modern, well-lit office with large windows overlooking a city skyline. The interviewers are seated at a long, polished table.
*   **Chris's Demeanor:** Despite his appearance and the challenging questions, Chris maintains eye contact, speaks clearly, and uses expressive hand gestures, conveying his earnestness and intelligence.
*   **Reactions of Interviewers:** The interviewers' expressions shift from initial skepticism and amusement to attentiveness and increasing admiration as Chris speaks. They exchange glances, indicating their assessment of him.
*   **Subtle Humor:** There's a subtle comedic element, particularly when Chris admits to being arrested for parking tickets and states he was painting his apartment, leading to a quick exchange about whether it's dry now.

In essence, the video captures a critical moment where Chris Gardner, against all odds and appearances, attempts to secure a life-changing opportunity through sheer determination and honesty during a high-stakes job interview.","Answer: The video starts with a man standing in a busy office, observing people working. He then walks into a conference room where several men are seated. He shakes hands with a man named Chris Gardner, who is dressed formally. They sit down, and the man explains that he was arrested for failing to pay parking tickets. He then begins to interview the seated men, asking them questions about their business and their interest in hiring him. The men seem skeptical but eventually agree to hire him. The man then enters a courtroom where a judge is seated. He addresses the judge and expresses his gratitude for the opportunity. The video ends with a call to action to subscribe to a YouTube channel called Binge Society.",0.1138305,0.0386295,0.0,0.24,0.060018400000000006,0.075201
111560.0,0.0,"This keyframe depicts three men in what appears to be a professional interview or meeting setting, with large windows overlooking a city skyline in the background. An older man with white hair, wearing a dark suit, is speaking while holding and looking down at a document, with the subtitle ""How many in the class?"" displayed. Beside him, another man in a pinstripe suit has a neutral expression, while a third person is partially visible from behind in the foreground. The overall tone is professional and serious.","At 111.6 seconds, the keyframe shows three men seated around a table in a professional setting, likely an office or conference room. The man on the left is facing the camera, while the man on the right is holding a document and speaking. The man in the middle is facing the man on the right, possibly listening. The setting is formal, with a large window in the background showing a cityscape. The man on the right appears to be asking a question, ""How many in the class?"" The emotional tone is serious and professional, suggesting a business or academic discussion. The scene does not appear to be an interview, meeting, or casual conversation but rather a formal discussion or interview.",0.0007049999999999999,"This video clip from ""The Pursuit of Happyness"" features Chris Gardner (Will Smith) attending a job interview with several executives, most notably Jay.

**Main Activities:**
1.  **Arrival and Explanation:** Chris, visibly sweaty and disheveled, rushes into the professional office and then into a conference room, where several suited men are waiting for his interview. He immediately addresses his appearance, confessing he was arrested for unpaid parking tickets and had to run from the police station after painting his apartment, thus appearing in his current state.
2.  **Interview Questions:** The interviewers probe Chris about his background, his determination (as vouched for by Jay), and his intelligence. Chris confidently asserts his ability to find answers even if he doesn't know them initially.
3.  **Humorous Exchange:** The lead interviewer, Jay, poses a hypothetical question: ""What would you say if a guy walked in for an interview without a shirt on... and I hired him?"" After a pause, Chris cleverly replies, ""He must've had on some really nice pants,"" which makes the entire panel erupt in laughter.
4.  **Job Offer Discussion:** After the interview, as Chris is leaving, Jay praises him for his performance despite his appearance and tells him he can call him Jay. Chris then, to Jay's surprise, says he'll ""let him know"" about the job. Chris clarifies his hesitation, revealing he was unaware the internship was unpaid, and he needs to ensure he can support himself.
5.  **Final Exchange:** A tense but humorous exchange follows where Jay emphasizes that if Chris backs out, he'll look bad to the partners. Chris finishes Jay's sentence with a bleeped expletive (""an ass***""), and Jay, though frustrated, ultimately calls Chris ""a piece of work"" with a smile, still pushing for a decision by ""tonight.""

**Speakers:**
*   **Chris Gardner (Will Smith):** The job applicant, who explains his situation, answers questions, and delivers witty remarks.
*   **Jay (the main interviewer):** A senior executive who leads the interview, asks pointed questions, and ultimately offers Chris the position.
*   **Other Executives:** Several other suited men are present on the interview panel, asking follow-up questions and reacting to Chris's responses.
*   **Female Assistant:** Briefly introduces Chris at the start.

**Visual Events:**
*   Chris's sweaty, worn appearance contrasts sharply with the sleek, professional office and the executives' crisp suits.
*   The camera frequently cuts between Chris's expressive face and the reactions (surprise, amusement, eventual admiration) of the interview panel.
*   The wide shots of the conference room emphasize the formality of the situation against Chris's informality.
*   The laughter from the panel after Chris's joke marks a turning point in the interview's tone.
*   The final close-ups of Chris and Jay show their direct, slightly confrontational, but ultimately respectful and humorous exchange.","The video details a pivotal job interview and its immediate aftermath, revolving around Chris Gardner's determined pursuit of a position as a stockbroker trainee despite challenging circumstances. The narrative unfolds through a series of intense dialogues and observations within a professional office environment.

**Main Activities:**
1.  Chris Gardner undergoes a high-stakes job interview for a stockbroker trainee position, explaining his unconventional attire.
2.  The interviewers question Chris about his background, determination, and ability to learn the business.
3.  A comedic exchange regarding a hypothetical interviewee without a shirt lightens the mood.
4.  Chris is informally offered the trainee position, leading to a moment of unexpected hesitation due to its unpaid nature.
5.  An intense discussion ensues between one of the interviewers and his colleague about securing Chris's acceptance.

**Speakers:**
*   **Speaker 1:** An interviewer, likely a partner or senior manager, who primarily questions Chris and later discusses Chris with Jay.
*   **Speaker 2:** Chris Gardner, the determined job applicant.
*   **Speaker 3:** Jay, another interviewer or colleague of Speaker 1, who initially vouches for Chris and later expresses concern about Chris accepting the offer.

**Visual Events:**
*   **0:00-15.91s:** The video opens with a man, presumably Chris Gardner, looking intense and sweating, possibly rushing or under duress. He is seen with dark, curly hair and a mustache, wearing a light-colored, open-collared shirt. The setting is a busy office or professional environment with blurred figures in the background. The visual establishes a sense of urgency before the interview truly begins.
*   **15.92-26.55s:** Chris Gardner, now appearing more composed but still earnest, is visible from the chest up, moving towards the right against a backdrop of vertical grey panels, dressed in a grey jacket over a white undershirt. This transitions into a key scene where three men in suits, including Chris, are seated around a conference table in a high-rise office with large windows overlooking a city skyline, setting a formal business tone for the interview.
*   **26.56-58.43s:** Chris, resembling Will Smith, is animated and speaking with an open-mouthed expression, dressed in his grey jacket and white tank top in what appears to be a modern office. He gestures actively with both hands while explaining his situation to the group of five men in suits. The atmosphere is professional and serious, but Chris's energetic delivery adds a dynamic element. The interviewers listen with mostly neutral expressions.
*   **58.44-79.67s:** The scene remains focused on the interview within the modern office. The man on the left in a pinstripe suit reacts with a possibly surprised expression, aligning with his dialogue. An older man in a dark suit sits beside him, attentive. The keyframes continue to show the men in their formal setting, with Chris maintaining an earnest and focused demeanor as he answers questions.
*   **79.68-122.15s:** The interview continues, with Chris maintaining a serious expression as he looks towards the interviewers. The back of a person with white hair is visible in the foreground, opposite Chris, indicating an ongoing conversation. One of the interviewers, an older man with white hair, looks down at a document, asking questions about Chris's academic background. Chris's hands are clasped on the table, showing his focus.
*   **122.16-175.27s:** Chris, with a mustache and goatee, is visible from the chest up, maintaining a serious and earnest expression. The setting remains an office or interview room, with blurred figures and glass partitions in the background. His hands are clasped on the table. A comedic turning point occurs at this stage. Speaker 1 asks, ""Chris, what would you say if a guy walked in for an interview without a shirt on? And I hired him, what would you say?"" Chris, after a deliberate pause, delivers the humorous line, ""He must have had on some really nice pants,"" changing the mood from serious to lighthearted and eliciting an audible reaction (""Oh."") from Speaker 3 (Jay). Chris is then seen with a slight smile or smirk, looking confident.
*   **175.28-249.63s:** Following the interview, Chris, wearing his grey jacket, is seen with a slight smile, looking towards an out-of-focus person. Jay (Speaker 3) praises Chris: ""I don't know how you did it dressed as a garbage man, but you really pulled it off in there."" Chris thanks him, and Jay tells him to call him by his first name. Speaker 1 then attempts to informally offer Chris the position, saying, ""All right, we'll talk to you soon."" Chris misunderstands, replying, ""I'll let you know, Jay."" Speaker 1 clarifies, ""You'll you'll let me know, Jay."" Chris, confused, asks, ""What do you mean?"" Speaker 1 says, ""Yeah, I'll I'll give you a call tomorrow sometime and,"" but then immediately states, ""Listen. There's no salary."" This is a significant emotional turning point, as Chris's face shifts to a pensive, furrowed expression, and he expresses concern: ""No. I was not aware of that. My circumstances have changed some and I I need to be certain that I'll be able to Okay. Okay."" The scene shifts to Speaker 1 in a pinstripe suit, earnestly speaking in what appears to be a hallway, discussing Chris with Jay. Speaker 1 stresses, ""Tonight, I swear I will fill your spot. I promise."" Jay then expresses his frustration, warning Speaker 1 about the partners' perception if Chris backs out: ""You don't look like if you back out, you know what I'll look like to the partners?"" Speaker 1 responds directly, ""Yes, an ass."" Jay confirms, ""Yeah, an ass. All the way."" Jay concludes, ""You are a piece of work,"" emphasizing the intensity of the situation. The visual shows Speaker 1 with a serious and direct expression, facing the camera, while Jay's back is visible. Speaker 1's final word in the transcript is ""Tonight.""
*   **249.64-255.0s (End):** The video concludes visually with a brightly colored end screen graphic featuring a hot pink background. A white ""BINGE SOCIETY"" logo, resembling a film clapperboard, is in the upper center, flanked by two yellow rectangular video placeholders. ""SUBSCRIBE"" is prominently displayed in white at the bottom, followed by white social media icons for Instagram, Facebook, and Twitter. This is a static call-to-action screen, devoid of people or further narrative content.","**Main Activities:**
1. Chris Gardner arrives at the office, dressed in a casual outfit and explaining his presence.
2. A discussion about Gardner's background and qualities begins with colleagues expressing admiration for his earnestness and diligence.
3. The conversation shifts to Gardner’s recent arrest due to failure to pay parking tickets.
4. Colleagues discuss Gardner’s determination and intelligence, noting he has been seen multiple times at the office.
5. Gardner shares a story about being first in class during school days and in military training.
6. The video ends with a humorous exchange where Jay offers to fill Gardner's spot for an interview.

**Speakers:**
- SPEAKER_00: Chris Gardner
- SPEAKER_01: Jay (a colleague)
- SPEAKER_02: Mr. Twistle (likely another colleague)

**Visual Events:**
- [5.32s - 16.3s] OSS-VLM shows a man with short, dark hair and a mustache in a professional setting.
- [15.92s - 28.7s] A man standing in a room speaks or reacts to something off-camera.
- [26.56s - 48.8s] Two men seated at a conference table discuss, with one speaking and gesturing.
- [37.7s - 59.6s] A man stands in a modern office setting explaining his situation.
- [57.0s - 122.16s] Multiple scenes show three or more men engaged in discussions around tables.
- [143.40s - 180.9s] A man with a mustache, wearing a grey jacket, sits at a table and speaks to someone off-camera.
- [175.28s - 217.76s] Scenes show men in suits speaking or listening attentively.
- [249.64s - 255.0s] The video transitions to a static end screen with the ""Binge Society"" logo.

The emotional and comedic turning points are evident when Jay mentions that Gardner was arrested for failure to pay parking tickets, which shifts the mood from professional admiration to humor:

- [57.0s - 63.4s]
SPEAKER_01: And I ran all the way here from the Polk station, the police station.
SPEAKER_02: Chris, what would you say if a guy walked in for an interview without a shirt on?
- [185.9s - 232.5s]
SPEAKER_02: Chris, I don't know how you did it dressed as a garbage man, but you really pulled it off in there.
SPEAKER_02: You are a piece of work.

The video ends visually with the static end screen featuring the vibrant pink background and ""Binge Society"" logo.","This video features a memorable scene from the movie ""The Pursuit of Happyness.""

**Main Activities:**
The central activity is a job interview. Chris Gardner (played by Will Smith), dressed casually, arrives for an interview with several men in suits. He explains his appearance by confessing to being arrested for unpaid parking tickets. He then proceeds to answer questions about his determination and intellect, trying to impress the interviewers.

**Speakers:**
*   **Chris Gardner (Will Smith):** He is the main speaker, explaining his situation and answering questions with a mix of sincerity, wit, and determination. He acknowledges his less-than-ideal appearance and shares personal anecdotes to demonstrate his qualities.
*   **Interviewers:** There are four interviewers, dressed in suits. Two of them, particularly an older gentleman with white hair and a younger man with a patterned tie, actively question Chris. They initially appear skeptical but seem increasingly impressed by his responses.

**Visual Events:**
*   **Chris's Entrance:** Chris initially appears disheveled, running into the busy office area. He is visibly out of place among the smartly dressed professionals.
*   **The Interview Setting:** The interview takes place in a modern, well-lit office with large windows overlooking a city skyline. The interviewers are seated at a long, polished table.
*   **Chris's Demeanor:** Despite his appearance and the challenging questions, Chris maintains eye contact, speaks clearly, and uses expressive hand gestures, conveying his earnestness and intelligence.
*   **Reactions of Interviewers:** The interviewers' expressions shift from initial skepticism and amusement to attentiveness and increasing admiration as Chris speaks. They exchange glances, indicating their assessment of him.
*   **Subtle Humor:** There's a subtle comedic element, particularly when Chris admits to being arrested for parking tickets and states he was painting his apartment, leading to a quick exchange about whether it's dry now.

In essence, the video captures a critical moment where Chris Gardner, against all odds and appearances, attempts to secure a life-changing opportunity through sheer determination and honesty during a high-stakes job interview.","Answer: The video starts with a man standing in a busy office, observing people working. He then walks into a conference room where several men are seated. He shakes hands with a man named Chris Gardner, who is dressed formally. They sit down, and the man explains that he was arrested for failing to pay parking tickets. He then begins to interview the seated men, asking them questions about their business and their interest in hiring him. The men seem skeptical but eventually agree to hire him. The man then enters a courtroom where a judge is seated. He addresses the judge and expresses his gratitude for the opportunity. The video ends with a call to action to subscribe to a YouTube channel called Binge Society.",0.1138305,0.0386295,0.0,0.24,0.060018400000000006,0.075201
122160.0,0.0,"In this keyframe, actor Will Smith, sporting a mustache and goatee, is visible from the chest up, wearing a grey jacket over a white undershirt, with a serious and earnest expression as he looks towards someone off-screen. His hands are clasped on a table in front of him. The setting appears to be an office or interview room, with blurred figures and glass partitions in the background, and the back of a person with white hair is visible in the foreground, facing him. Subtitles read ""In the Navy, and that was a class of 20."", indicating a formal conversation or interview.","At 122.2 seconds, the keyframe shows a man with a mustache, wearing a grey jacket, sitting at a table and speaking. He is looking directly at another person whose back is to the camera. The setting appears to be an office or a formal meeting room, with other people visible in the background. The man is explaining something, possibly about his experience in the Navy, as indicated by the subtitle. The emotional tone seems serious and reflective, and the interaction looks like an interview or a conversation.",0.0007409999999999999,"This video clip from ""The Pursuit of Happyness"" features Chris Gardner (Will Smith) attending a job interview with several executives, most notably Jay.

**Main Activities:**
1.  **Arrival and Explanation:** Chris, visibly sweaty and disheveled, rushes into the professional office and then into a conference room, where several suited men are waiting for his interview. He immediately addresses his appearance, confessing he was arrested for unpaid parking tickets and had to run from the police station after painting his apartment, thus appearing in his current state.
2.  **Interview Questions:** The interviewers probe Chris about his background, his determination (as vouched for by Jay), and his intelligence. Chris confidently asserts his ability to find answers even if he doesn't know them initially.
3.  **Humorous Exchange:** The lead interviewer, Jay, poses a hypothetical question: ""What would you say if a guy walked in for an interview without a shirt on... and I hired him?"" After a pause, Chris cleverly replies, ""He must've had on some really nice pants,"" which makes the entire panel erupt in laughter.
4.  **Job Offer Discussion:** After the interview, as Chris is leaving, Jay praises him for his performance despite his appearance and tells him he can call him Jay. Chris then, to Jay's surprise, says he'll ""let him know"" about the job. Chris clarifies his hesitation, revealing he was unaware the internship was unpaid, and he needs to ensure he can support himself.
5.  **Final Exchange:** A tense but humorous exchange follows where Jay emphasizes that if Chris backs out, he'll look bad to the partners. Chris finishes Jay's sentence with a bleeped expletive (""an ass***""), and Jay, though frustrated, ultimately calls Chris ""a piece of work"" with a smile, still pushing for a decision by ""tonight.""

**Speakers:**
*   **Chris Gardner (Will Smith):** The job applicant, who explains his situation, answers questions, and delivers witty remarks.
*   **Jay (the main interviewer):** A senior executive who leads the interview, asks pointed questions, and ultimately offers Chris the position.
*   **Other Executives:** Several other suited men are present on the interview panel, asking follow-up questions and reacting to Chris's responses.
*   **Female Assistant:** Briefly introduces Chris at the start.

**Visual Events:**
*   Chris's sweaty, worn appearance contrasts sharply with the sleek, professional office and the executives' crisp suits.
*   The camera frequently cuts between Chris's expressive face and the reactions (surprise, amusement, eventual admiration) of the interview panel.
*   The wide shots of the conference room emphasize the formality of the situation against Chris's informality.
*   The laughter from the panel after Chris's joke marks a turning point in the interview's tone.
*   The final close-ups of Chris and Jay show their direct, slightly confrontational, but ultimately respectful and humorous exchange.","The video details a pivotal job interview and its immediate aftermath, revolving around Chris Gardner's determined pursuit of a position as a stockbroker trainee despite challenging circumstances. The narrative unfolds through a series of intense dialogues and observations within a professional office environment.

**Main Activities:**
1.  Chris Gardner undergoes a high-stakes job interview for a stockbroker trainee position, explaining his unconventional attire.
2.  The interviewers question Chris about his background, determination, and ability to learn the business.
3.  A comedic exchange regarding a hypothetical interviewee without a shirt lightens the mood.
4.  Chris is informally offered the trainee position, leading to a moment of unexpected hesitation due to its unpaid nature.
5.  An intense discussion ensues between one of the interviewers and his colleague about securing Chris's acceptance.

**Speakers:**
*   **Speaker 1:** An interviewer, likely a partner or senior manager, who primarily questions Chris and later discusses Chris with Jay.
*   **Speaker 2:** Chris Gardner, the determined job applicant.
*   **Speaker 3:** Jay, another interviewer or colleague of Speaker 1, who initially vouches for Chris and later expresses concern about Chris accepting the offer.

**Visual Events:**
*   **0:00-15.91s:** The video opens with a man, presumably Chris Gardner, looking intense and sweating, possibly rushing or under duress. He is seen with dark, curly hair and a mustache, wearing a light-colored, open-collared shirt. The setting is a busy office or professional environment with blurred figures in the background. The visual establishes a sense of urgency before the interview truly begins.
*   **15.92-26.55s:** Chris Gardner, now appearing more composed but still earnest, is visible from the chest up, moving towards the right against a backdrop of vertical grey panels, dressed in a grey jacket over a white undershirt. This transitions into a key scene where three men in suits, including Chris, are seated around a conference table in a high-rise office with large windows overlooking a city skyline, setting a formal business tone for the interview.
*   **26.56-58.43s:** Chris, resembling Will Smith, is animated and speaking with an open-mouthed expression, dressed in his grey jacket and white tank top in what appears to be a modern office. He gestures actively with both hands while explaining his situation to the group of five men in suits. The atmosphere is professional and serious, but Chris's energetic delivery adds a dynamic element. The interviewers listen with mostly neutral expressions.
*   **58.44-79.67s:** The scene remains focused on the interview within the modern office. The man on the left in a pinstripe suit reacts with a possibly surprised expression, aligning with his dialogue. An older man in a dark suit sits beside him, attentive. The keyframes continue to show the men in their formal setting, with Chris maintaining an earnest and focused demeanor as he answers questions.
*   **79.68-122.15s:** The interview continues, with Chris maintaining a serious expression as he looks towards the interviewers. The back of a person with white hair is visible in the foreground, opposite Chris, indicating an ongoing conversation. One of the interviewers, an older man with white hair, looks down at a document, asking questions about Chris's academic background. Chris's hands are clasped on the table, showing his focus.
*   **122.16-175.27s:** Chris, with a mustache and goatee, is visible from the chest up, maintaining a serious and earnest expression. The setting remains an office or interview room, with blurred figures and glass partitions in the background. His hands are clasped on the table. A comedic turning point occurs at this stage. Speaker 1 asks, ""Chris, what would you say if a guy walked in for an interview without a shirt on? And I hired him, what would you say?"" Chris, after a deliberate pause, delivers the humorous line, ""He must have had on some really nice pants,"" changing the mood from serious to lighthearted and eliciting an audible reaction (""Oh."") from Speaker 3 (Jay). Chris is then seen with a slight smile or smirk, looking confident.
*   **175.28-249.63s:** Following the interview, Chris, wearing his grey jacket, is seen with a slight smile, looking towards an out-of-focus person. Jay (Speaker 3) praises Chris: ""I don't know how you did it dressed as a garbage man, but you really pulled it off in there."" Chris thanks him, and Jay tells him to call him by his first name. Speaker 1 then attempts to informally offer Chris the position, saying, ""All right, we'll talk to you soon."" Chris misunderstands, replying, ""I'll let you know, Jay."" Speaker 1 clarifies, ""You'll you'll let me know, Jay."" Chris, confused, asks, ""What do you mean?"" Speaker 1 says, ""Yeah, I'll I'll give you a call tomorrow sometime and,"" but then immediately states, ""Listen. There's no salary."" This is a significant emotional turning point, as Chris's face shifts to a pensive, furrowed expression, and he expresses concern: ""No. I was not aware of that. My circumstances have changed some and I I need to be certain that I'll be able to Okay. Okay."" The scene shifts to Speaker 1 in a pinstripe suit, earnestly speaking in what appears to be a hallway, discussing Chris with Jay. Speaker 1 stresses, ""Tonight, I swear I will fill your spot. I promise."" Jay then expresses his frustration, warning Speaker 1 about the partners' perception if Chris backs out: ""You don't look like if you back out, you know what I'll look like to the partners?"" Speaker 1 responds directly, ""Yes, an ass."" Jay confirms, ""Yeah, an ass. All the way."" Jay concludes, ""You are a piece of work,"" emphasizing the intensity of the situation. The visual shows Speaker 1 with a serious and direct expression, facing the camera, while Jay's back is visible. Speaker 1's final word in the transcript is ""Tonight.""
*   **249.64-255.0s (End):** The video concludes visually with a brightly colored end screen graphic featuring a hot pink background. A white ""BINGE SOCIETY"" logo, resembling a film clapperboard, is in the upper center, flanked by two yellow rectangular video placeholders. ""SUBSCRIBE"" is prominently displayed in white at the bottom, followed by white social media icons for Instagram, Facebook, and Twitter. This is a static call-to-action screen, devoid of people or further narrative content.","**Main Activities:**
1. Chris Gardner arrives at the office, dressed in a casual outfit and explaining his presence.
2. A discussion about Gardner's background and qualities begins with colleagues expressing admiration for his earnestness and diligence.
3. The conversation shifts to Gardner’s recent arrest due to failure to pay parking tickets.
4. Colleagues discuss Gardner’s determination and intelligence, noting he has been seen multiple times at the office.
5. Gardner shares a story about being first in class during school days and in military training.
6. The video ends with a humorous exchange where Jay offers to fill Gardner's spot for an interview.

**Speakers:**
- SPEAKER_00: Chris Gardner
- SPEAKER_01: Jay (a colleague)
- SPEAKER_02: Mr. Twistle (likely another colleague)

**Visual Events:**
- [5.32s - 16.3s] OSS-VLM shows a man with short, dark hair and a mustache in a professional setting.
- [15.92s - 28.7s] A man standing in a room speaks or reacts to something off-camera.
- [26.56s - 48.8s] Two men seated at a conference table discuss, with one speaking and gesturing.
- [37.7s - 59.6s] A man stands in a modern office setting explaining his situation.
- [57.0s - 122.16s] Multiple scenes show three or more men engaged in discussions around tables.
- [143.40s - 180.9s] A man with a mustache, wearing a grey jacket, sits at a table and speaks to someone off-camera.
- [175.28s - 217.76s] Scenes show men in suits speaking or listening attentively.
- [249.64s - 255.0s] The video transitions to a static end screen with the ""Binge Society"" logo.

The emotional and comedic turning points are evident when Jay mentions that Gardner was arrested for failure to pay parking tickets, which shifts the mood from professional admiration to humor:

- [57.0s - 63.4s]
SPEAKER_01: And I ran all the way here from the Polk station, the police station.
SPEAKER_02: Chris, what would you say if a guy walked in for an interview without a shirt on?
- [185.9s - 232.5s]
SPEAKER_02: Chris, I don't know how you did it dressed as a garbage man, but you really pulled it off in there.
SPEAKER_02: You are a piece of work.

The video ends visually with the static end screen featuring the vibrant pink background and ""Binge Society"" logo.","This video features a memorable scene from the movie ""The Pursuit of Happyness.""

**Main Activities:**
The central activity is a job interview. Chris Gardner (played by Will Smith), dressed casually, arrives for an interview with several men in suits. He explains his appearance by confessing to being arrested for unpaid parking tickets. He then proceeds to answer questions about his determination and intellect, trying to impress the interviewers.

**Speakers:**
*   **Chris Gardner (Will Smith):** He is the main speaker, explaining his situation and answering questions with a mix of sincerity, wit, and determination. He acknowledges his less-than-ideal appearance and shares personal anecdotes to demonstrate his qualities.
*   **Interviewers:** There are four interviewers, dressed in suits. Two of them, particularly an older gentleman with white hair and a younger man with a patterned tie, actively question Chris. They initially appear skeptical but seem increasingly impressed by his responses.

**Visual Events:**
*   **Chris's Entrance:** Chris initially appears disheveled, running into the busy office area. He is visibly out of place among the smartly dressed professionals.
*   **The Interview Setting:** The interview takes place in a modern, well-lit office with large windows overlooking a city skyline. The interviewers are seated at a long, polished table.
*   **Chris's Demeanor:** Despite his appearance and the challenging questions, Chris maintains eye contact, speaks clearly, and uses expressive hand gestures, conveying his earnestness and intelligence.
*   **Reactions of Interviewers:** The interviewers' expressions shift from initial skepticism and amusement to attentiveness and increasing admiration as Chris speaks. They exchange glances, indicating their assessment of him.
*   **Subtle Humor:** There's a subtle comedic element, particularly when Chris admits to being arrested for parking tickets and states he was painting his apartment, leading to a quick exchange about whether it's dry now.

In essence, the video captures a critical moment where Chris Gardner, against all odds and appearances, attempts to secure a life-changing opportunity through sheer determination and honesty during a high-stakes job interview.","Answer: The video starts with a man standing in a busy office, observing people working. He then walks into a conference room where several men are seated. He shakes hands with a man named Chris Gardner, who is dressed formally. They sit down, and the man explains that he was arrested for failing to pay parking tickets. He then begins to interview the seated men, asking them questions about their business and their interest in hiring him. The men seem skeptical but eventually agree to hire him. The man then enters a courtroom where a judge is seated. He addresses the judge and expresses his gratitude for the opportunity. The video ends with a call to action to subscribe to a YouTube channel called Binge Society.",0.1138305,0.0386295,0.0,0.24,0.060018400000000006,0.075201
132800.0,0.0,"In this keyframe, a man, visibly sweating and with an earnest and intense expression, is speaking passionately while leaning on a table in what appears to be an office setting. His mouth is open as if mid-sentence, with subtitles on the screen displaying ""if you ask me a question, and I don't know the answer,"" directed at the back of an older person's head visible on the right. This focused interaction strongly suggests a serious interview or a critical conversation, with a ""BINGE SOCIETY"" logo in the top left corner.","At 132.8 seconds, the keyframe shows a man with a mustache and a gray jacket sitting at a table, speaking to another person whose back is facing the camera. The setting appears to be an office or meeting room with other people in the background. The man is gesturing with his hands as he speaks, and the text on the screen reads, ""if you ask me a question, and I don't know the answer."" The emotional tone is serious, and the scene looks like an interview or conversation.",0.0007214999999999999,"This video clip from ""The Pursuit of Happyness"" features Chris Gardner (Will Smith) attending a job interview with several executives, most notably Jay.

**Main Activities:**
1.  **Arrival and Explanation:** Chris, visibly sweaty and disheveled, rushes into the professional office and then into a conference room, where several suited men are waiting for his interview. He immediately addresses his appearance, confessing he was arrested for unpaid parking tickets and had to run from the police station after painting his apartment, thus appearing in his current state.
2.  **Interview Questions:** The interviewers probe Chris about his background, his determination (as vouched for by Jay), and his intelligence. Chris confidently asserts his ability to find answers even if he doesn't know them initially.
3.  **Humorous Exchange:** The lead interviewer, Jay, poses a hypothetical question: ""What would you say if a guy walked in for an interview without a shirt on... and I hired him?"" After a pause, Chris cleverly replies, ""He must've had on some really nice pants,"" which makes the entire panel erupt in laughter.
4.  **Job Offer Discussion:** After the interview, as Chris is leaving, Jay praises him for his performance despite his appearance and tells him he can call him Jay. Chris then, to Jay's surprise, says he'll ""let him know"" about the job. Chris clarifies his hesitation, revealing he was unaware the internship was unpaid, and he needs to ensure he can support himself.
5.  **Final Exchange:** A tense but humorous exchange follows where Jay emphasizes that if Chris backs out, he'll look bad to the partners. Chris finishes Jay's sentence with a bleeped expletive (""an ass***""), and Jay, though frustrated, ultimately calls Chris ""a piece of work"" with a smile, still pushing for a decision by ""tonight.""

**Speakers:**
*   **Chris Gardner (Will Smith):** The job applicant, who explains his situation, answers questions, and delivers witty remarks.
*   **Jay (the main interviewer):** A senior executive who leads the interview, asks pointed questions, and ultimately offers Chris the position.
*   **Other Executives:** Several other suited men are present on the interview panel, asking follow-up questions and reacting to Chris's responses.
*   **Female Assistant:** Briefly introduces Chris at the start.

**Visual Events:**
*   Chris's sweaty, worn appearance contrasts sharply with the sleek, professional office and the executives' crisp suits.
*   The camera frequently cuts between Chris's expressive face and the reactions (surprise, amusement, eventual admiration) of the interview panel.
*   The wide shots of the conference room emphasize the formality of the situation against Chris's informality.
*   The laughter from the panel after Chris's joke marks a turning point in the interview's tone.
*   The final close-ups of Chris and Jay show their direct, slightly confrontational, but ultimately respectful and humorous exchange.","The video details a pivotal job interview and its immediate aftermath, revolving around Chris Gardner's determined pursuit of a position as a stockbroker trainee despite challenging circumstances. The narrative unfolds through a series of intense dialogues and observations within a professional office environment.

**Main Activities:**
1.  Chris Gardner undergoes a high-stakes job interview for a stockbroker trainee position, explaining his unconventional attire.
2.  The interviewers question Chris about his background, determination, and ability to learn the business.
3.  A comedic exchange regarding a hypothetical interviewee without a shirt lightens the mood.
4.  Chris is informally offered the trainee position, leading to a moment of unexpected hesitation due to its unpaid nature.
5.  An intense discussion ensues between one of the interviewers and his colleague about securing Chris's acceptance.

**Speakers:**
*   **Speaker 1:** An interviewer, likely a partner or senior manager, who primarily questions Chris and later discusses Chris with Jay.
*   **Speaker 2:** Chris Gardner, the determined job applicant.
*   **Speaker 3:** Jay, another interviewer or colleague of Speaker 1, who initially vouches for Chris and later expresses concern about Chris accepting the offer.

**Visual Events:**
*   **0:00-15.91s:** The video opens with a man, presumably Chris Gardner, looking intense and sweating, possibly rushing or under duress. He is seen with dark, curly hair and a mustache, wearing a light-colored, open-collared shirt. The setting is a busy office or professional environment with blurred figures in the background. The visual establishes a sense of urgency before the interview truly begins.
*   **15.92-26.55s:** Chris Gardner, now appearing more composed but still earnest, is visible from the chest up, moving towards the right against a backdrop of vertical grey panels, dressed in a grey jacket over a white undershirt. This transitions into a key scene where three men in suits, including Chris, are seated around a conference table in a high-rise office with large windows overlooking a city skyline, setting a formal business tone for the interview.
*   **26.56-58.43s:** Chris, resembling Will Smith, is animated and speaking with an open-mouthed expression, dressed in his grey jacket and white tank top in what appears to be a modern office. He gestures actively with both hands while explaining his situation to the group of five men in suits. The atmosphere is professional and serious, but Chris's energetic delivery adds a dynamic element. The interviewers listen with mostly neutral expressions.
*   **58.44-79.67s:** The scene remains focused on the interview within the modern office. The man on the left in a pinstripe suit reacts with a possibly surprised expression, aligning with his dialogue. An older man in a dark suit sits beside him, attentive. The keyframes continue to show the men in their formal setting, with Chris maintaining an earnest and focused demeanor as he answers questions.
*   **79.68-122.15s:** The interview continues, with Chris maintaining a serious expression as he looks towards the interviewers. The back of a person with white hair is visible in the foreground, opposite Chris, indicating an ongoing conversation. One of the interviewers, an older man with white hair, looks down at a document, asking questions about Chris's academic background. Chris's hands are clasped on the table, showing his focus.
*   **122.16-175.27s:** Chris, with a mustache and goatee, is visible from the chest up, maintaining a serious and earnest expression. The setting remains an office or interview room, with blurred figures and glass partitions in the background. His hands are clasped on the table. A comedic turning point occurs at this stage. Speaker 1 asks, ""Chris, what would you say if a guy walked in for an interview without a shirt on? And I hired him, what would you say?"" Chris, after a deliberate pause, delivers the humorous line, ""He must have had on some really nice pants,"" changing the mood from serious to lighthearted and eliciting an audible reaction (""Oh."") from Speaker 3 (Jay). Chris is then seen with a slight smile or smirk, looking confident.
*   **175.28-249.63s:** Following the interview, Chris, wearing his grey jacket, is seen with a slight smile, looking towards an out-of-focus person. Jay (Speaker 3) praises Chris: ""I don't know how you did it dressed as a garbage man, but you really pulled it off in there."" Chris thanks him, and Jay tells him to call him by his first name. Speaker 1 then attempts to informally offer Chris the position, saying, ""All right, we'll talk to you soon."" Chris misunderstands, replying, ""I'll let you know, Jay."" Speaker 1 clarifies, ""You'll you'll let me know, Jay."" Chris, confused, asks, ""What do you mean?"" Speaker 1 says, ""Yeah, I'll I'll give you a call tomorrow sometime and,"" but then immediately states, ""Listen. There's no salary."" This is a significant emotional turning point, as Chris's face shifts to a pensive, furrowed expression, and he expresses concern: ""No. I was not aware of that. My circumstances have changed some and I I need to be certain that I'll be able to Okay. Okay."" The scene shifts to Speaker 1 in a pinstripe suit, earnestly speaking in what appears to be a hallway, discussing Chris with Jay. Speaker 1 stresses, ""Tonight, I swear I will fill your spot. I promise."" Jay then expresses his frustration, warning Speaker 1 about the partners' perception if Chris backs out: ""You don't look like if you back out, you know what I'll look like to the partners?"" Speaker 1 responds directly, ""Yes, an ass."" Jay confirms, ""Yeah, an ass. All the way."" Jay concludes, ""You are a piece of work,"" emphasizing the intensity of the situation. The visual shows Speaker 1 with a serious and direct expression, facing the camera, while Jay's back is visible. Speaker 1's final word in the transcript is ""Tonight.""
*   **249.64-255.0s (End):** The video concludes visually with a brightly colored end screen graphic featuring a hot pink background. A white ""BINGE SOCIETY"" logo, resembling a film clapperboard, is in the upper center, flanked by two yellow rectangular video placeholders. ""SUBSCRIBE"" is prominently displayed in white at the bottom, followed by white social media icons for Instagram, Facebook, and Twitter. This is a static call-to-action screen, devoid of people or further narrative content.","**Main Activities:**
1. Chris Gardner arrives at the office, dressed in a casual outfit and explaining his presence.
2. A discussion about Gardner's background and qualities begins with colleagues expressing admiration for his earnestness and diligence.
3. The conversation shifts to Gardner’s recent arrest due to failure to pay parking tickets.
4. Colleagues discuss Gardner’s determination and intelligence, noting he has been seen multiple times at the office.
5. Gardner shares a story about being first in class during school days and in military training.
6. The video ends with a humorous exchange where Jay offers to fill Gardner's spot for an interview.

**Speakers:**
- SPEAKER_00: Chris Gardner
- SPEAKER_01: Jay (a colleague)
- SPEAKER_02: Mr. Twistle (likely another colleague)

**Visual Events:**
- [5.32s - 16.3s] OSS-VLM shows a man with short, dark hair and a mustache in a professional setting.
- [15.92s - 28.7s] A man standing in a room speaks or reacts to something off-camera.
- [26.56s - 48.8s] Two men seated at a conference table discuss, with one speaking and gesturing.
- [37.7s - 59.6s] A man stands in a modern office setting explaining his situation.
- [57.0s - 122.16s] Multiple scenes show three or more men engaged in discussions around tables.
- [143.40s - 180.9s] A man with a mustache, wearing a grey jacket, sits at a table and speaks to someone off-camera.
- [175.28s - 217.76s] Scenes show men in suits speaking or listening attentively.
- [249.64s - 255.0s] The video transitions to a static end screen with the ""Binge Society"" logo.

The emotional and comedic turning points are evident when Jay mentions that Gardner was arrested for failure to pay parking tickets, which shifts the mood from professional admiration to humor:

- [57.0s - 63.4s]
SPEAKER_01: And I ran all the way here from the Polk station, the police station.
SPEAKER_02: Chris, what would you say if a guy walked in for an interview without a shirt on?
- [185.9s - 232.5s]
SPEAKER_02: Chris, I don't know how you did it dressed as a garbage man, but you really pulled it off in there.
SPEAKER_02: You are a piece of work.

The video ends visually with the static end screen featuring the vibrant pink background and ""Binge Society"" logo.","This video features a memorable scene from the movie ""The Pursuit of Happyness.""

**Main Activities:**
The central activity is a job interview. Chris Gardner (played by Will Smith), dressed casually, arrives for an interview with several men in suits. He explains his appearance by confessing to being arrested for unpaid parking tickets. He then proceeds to answer questions about his determination and intellect, trying to impress the interviewers.

**Speakers:**
*   **Chris Gardner (Will Smith):** He is the main speaker, explaining his situation and answering questions with a mix of sincerity, wit, and determination. He acknowledges his less-than-ideal appearance and shares personal anecdotes to demonstrate his qualities.
*   **Interviewers:** There are four interviewers, dressed in suits. Two of them, particularly an older gentleman with white hair and a younger man with a patterned tie, actively question Chris. They initially appear skeptical but seem increasingly impressed by his responses.

**Visual Events:**
*   **Chris's Entrance:** Chris initially appears disheveled, running into the busy office area. He is visibly out of place among the smartly dressed professionals.
*   **The Interview Setting:** The interview takes place in a modern, well-lit office with large windows overlooking a city skyline. The interviewers are seated at a long, polished table.
*   **Chris's Demeanor:** Despite his appearance and the challenging questions, Chris maintains eye contact, speaks clearly, and uses expressive hand gestures, conveying his earnestness and intelligence.
*   **Reactions of Interviewers:** The interviewers' expressions shift from initial skepticism and amusement to attentiveness and increasing admiration as Chris speaks. They exchange glances, indicating their assessment of him.
*   **Subtle Humor:** There's a subtle comedic element, particularly when Chris admits to being arrested for parking tickets and states he was painting his apartment, leading to a quick exchange about whether it's dry now.

In essence, the video captures a critical moment where Chris Gardner, against all odds and appearances, attempts to secure a life-changing opportunity through sheer determination and honesty during a high-stakes job interview.","Answer: The video starts with a man standing in a busy office, observing people working. He then walks into a conference room where several men are seated. He shakes hands with a man named Chris Gardner, who is dressed formally. They sit down, and the man explains that he was arrested for failing to pay parking tickets. He then begins to interview the seated men, asking them questions about their business and their interest in hiring him. The men seem skeptical but eventually agree to hire him. The man then enters a courtroom where a judge is seated. He addresses the judge and expresses his gratitude for the opportunity. The video ends with a call to action to subscribe to a YouTube channel called Binge Society.",0.1138305,0.0386295,0.0,0.24,0.060018400000000006,0.075201
143400.0,0.0,"Three men are visible in what appears to be a formal meeting or conversation in an office setting, with large windows revealing a cityscape in the background. The man on the left is seen from the back, facing two other men seated opposite him at a table. The two men facing the camera, dressed in suits, have serious or attentive expressions, with one resting his hands on a yellow notepad. A ""BINGE SOCIETY"" logo is in the top left, and copyright information is visible at the bottom of the screen.","At 143.4 seconds, the keyframe shows a formal meeting setting with three men seated around a table. The man on the left, wearing a light blue shirt, is facing the two men in suits. The man in the middle, dressed in a dark suit with a blue tie, is speaking, gesturing with his right hand, and appears to be explaining something. The man on the right, in a black suit with a pink tie, is listening attentively, with his arms crossed. The background features large windows with a cityscape view, suggesting an office or conference room. The overall tone is serious and professional, indicating a business or legal discussion.",0.0007095,"This video clip from ""The Pursuit of Happyness"" features Chris Gardner (Will Smith) attending a job interview with several executives, most notably Jay.

**Main Activities:**
1.  **Arrival and Explanation:** Chris, visibly sweaty and disheveled, rushes into the professional office and then into a conference room, where several suited men are waiting for his interview. He immediately addresses his appearance, confessing he was arrested for unpaid parking tickets and had to run from the police station after painting his apartment, thus appearing in his current state.
2.  **Interview Questions:** The interviewers probe Chris about his background, his determination (as vouched for by Jay), and his intelligence. Chris confidently asserts his ability to find answers even if he doesn't know them initially.
3.  **Humorous Exchange:** The lead interviewer, Jay, poses a hypothetical question: ""What would you say if a guy walked in for an interview without a shirt on... and I hired him?"" After a pause, Chris cleverly replies, ""He must've had on some really nice pants,"" which makes the entire panel erupt in laughter.
4.  **Job Offer Discussion:** After the interview, as Chris is leaving, Jay praises him for his performance despite his appearance and tells him he can call him Jay. Chris then, to Jay's surprise, says he'll ""let him know"" about the job. Chris clarifies his hesitation, revealing he was unaware the internship was unpaid, and he needs to ensure he can support himself.
5.  **Final Exchange:** A tense but humorous exchange follows where Jay emphasizes that if Chris backs out, he'll look bad to the partners. Chris finishes Jay's sentence with a bleeped expletive (""an ass***""), and Jay, though frustrated, ultimately calls Chris ""a piece of work"" with a smile, still pushing for a decision by ""tonight.""

**Speakers:**
*   **Chris Gardner (Will Smith):** The job applicant, who explains his situation, answers questions, and delivers witty remarks.
*   **Jay (the main interviewer):** A senior executive who leads the interview, asks pointed questions, and ultimately offers Chris the position.
*   **Other Executives:** Several other suited men are present on the interview panel, asking follow-up questions and reacting to Chris's responses.
*   **Female Assistant:** Briefly introduces Chris at the start.

**Visual Events:**
*   Chris's sweaty, worn appearance contrasts sharply with the sleek, professional office and the executives' crisp suits.
*   The camera frequently cuts between Chris's expressive face and the reactions (surprise, amusement, eventual admiration) of the interview panel.
*   The wide shots of the conference room emphasize the formality of the situation against Chris's informality.
*   The laughter from the panel after Chris's joke marks a turning point in the interview's tone.
*   The final close-ups of Chris and Jay show their direct, slightly confrontational, but ultimately respectful and humorous exchange.","The video details a pivotal job interview and its immediate aftermath, revolving around Chris Gardner's determined pursuit of a position as a stockbroker trainee despite challenging circumstances. The narrative unfolds through a series of intense dialogues and observations within a professional office environment.

**Main Activities:**
1.  Chris Gardner undergoes a high-stakes job interview for a stockbroker trainee position, explaining his unconventional attire.
2.  The interviewers question Chris about his background, determination, and ability to learn the business.
3.  A comedic exchange regarding a hypothetical interviewee without a shirt lightens the mood.
4.  Chris is informally offered the trainee position, leading to a moment of unexpected hesitation due to its unpaid nature.
5.  An intense discussion ensues between one of the interviewers and his colleague about securing Chris's acceptance.

**Speakers:**
*   **Speaker 1:** An interviewer, likely a partner or senior manager, who primarily questions Chris and later discusses Chris with Jay.
*   **Speaker 2:** Chris Gardner, the determined job applicant.
*   **Speaker 3:** Jay, another interviewer or colleague of Speaker 1, who initially vouches for Chris and later expresses concern about Chris accepting the offer.

**Visual Events:**
*   **0:00-15.91s:** The video opens with a man, presumably Chris Gardner, looking intense and sweating, possibly rushing or under duress. He is seen with dark, curly hair and a mustache, wearing a light-colored, open-collared shirt. The setting is a busy office or professional environment with blurred figures in the background. The visual establishes a sense of urgency before the interview truly begins.
*   **15.92-26.55s:** Chris Gardner, now appearing more composed but still earnest, is visible from the chest up, moving towards the right against a backdrop of vertical grey panels, dressed in a grey jacket over a white undershirt. This transitions into a key scene where three men in suits, including Chris, are seated around a conference table in a high-rise office with large windows overlooking a city skyline, setting a formal business tone for the interview.
*   **26.56-58.43s:** Chris, resembling Will Smith, is animated and speaking with an open-mouthed expression, dressed in his grey jacket and white tank top in what appears to be a modern office. He gestures actively with both hands while explaining his situation to the group of five men in suits. The atmosphere is professional and serious, but Chris's energetic delivery adds a dynamic element. The interviewers listen with mostly neutral expressions.
*   **58.44-79.67s:** The scene remains focused on the interview within the modern office. The man on the left in a pinstripe suit reacts with a possibly surprised expression, aligning with his dialogue. An older man in a dark suit sits beside him, attentive. The keyframes continue to show the men in their formal setting, with Chris maintaining an earnest and focused demeanor as he answers questions.
*   **79.68-122.15s:** The interview continues, with Chris maintaining a serious expression as he looks towards the interviewers. The back of a person with white hair is visible in the foreground, opposite Chris, indicating an ongoing conversation. One of the interviewers, an older man with white hair, looks down at a document, asking questions about Chris's academic background. Chris's hands are clasped on the table, showing his focus.
*   **122.16-175.27s:** Chris, with a mustache and goatee, is visible from the chest up, maintaining a serious and earnest expression. The setting remains an office or interview room, with blurred figures and glass partitions in the background. His hands are clasped on the table. A comedic turning point occurs at this stage. Speaker 1 asks, ""Chris, what would you say if a guy walked in for an interview without a shirt on? And I hired him, what would you say?"" Chris, after a deliberate pause, delivers the humorous line, ""He must have had on some really nice pants,"" changing the mood from serious to lighthearted and eliciting an audible reaction (""Oh."") from Speaker 3 (Jay). Chris is then seen with a slight smile or smirk, looking confident.
*   **175.28-249.63s:** Following the interview, Chris, wearing his grey jacket, is seen with a slight smile, looking towards an out-of-focus person. Jay (Speaker 3) praises Chris: ""I don't know how you did it dressed as a garbage man, but you really pulled it off in there."" Chris thanks him, and Jay tells him to call him by his first name. Speaker 1 then attempts to informally offer Chris the position, saying, ""All right, we'll talk to you soon."" Chris misunderstands, replying, ""I'll let you know, Jay."" Speaker 1 clarifies, ""You'll you'll let me know, Jay."" Chris, confused, asks, ""What do you mean?"" Speaker 1 says, ""Yeah, I'll I'll give you a call tomorrow sometime and,"" but then immediately states, ""Listen. There's no salary."" This is a significant emotional turning point, as Chris's face shifts to a pensive, furrowed expression, and he expresses concern: ""No. I was not aware of that. My circumstances have changed some and I I need to be certain that I'll be able to Okay. Okay."" The scene shifts to Speaker 1 in a pinstripe suit, earnestly speaking in what appears to be a hallway, discussing Chris with Jay. Speaker 1 stresses, ""Tonight, I swear I will fill your spot. I promise."" Jay then expresses his frustration, warning Speaker 1 about the partners' perception if Chris backs out: ""You don't look like if you back out, you know what I'll look like to the partners?"" Speaker 1 responds directly, ""Yes, an ass."" Jay confirms, ""Yeah, an ass. All the way."" Jay concludes, ""You are a piece of work,"" emphasizing the intensity of the situation. The visual shows Speaker 1 with a serious and direct expression, facing the camera, while Jay's back is visible. Speaker 1's final word in the transcript is ""Tonight.""
*   **249.64-255.0s (End):** The video concludes visually with a brightly colored end screen graphic featuring a hot pink background. A white ""BINGE SOCIETY"" logo, resembling a film clapperboard, is in the upper center, flanked by two yellow rectangular video placeholders. ""SUBSCRIBE"" is prominently displayed in white at the bottom, followed by white social media icons for Instagram, Facebook, and Twitter. This is a static call-to-action screen, devoid of people or further narrative content.","**Main Activities:**
1. Chris Gardner arrives at the office, dressed in a casual outfit and explaining his presence.
2. A discussion about Gardner's background and qualities begins with colleagues expressing admiration for his earnestness and diligence.
3. The conversation shifts to Gardner’s recent arrest due to failure to pay parking tickets.
4. Colleagues discuss Gardner’s determination and intelligence, noting he has been seen multiple times at the office.
5. Gardner shares a story about being first in class during school days and in military training.
6. The video ends with a humorous exchange where Jay offers to fill Gardner's spot for an interview.

**Speakers:**
- SPEAKER_00: Chris Gardner
- SPEAKER_01: Jay (a colleague)
- SPEAKER_02: Mr. Twistle (likely another colleague)

**Visual Events:**
- [5.32s - 16.3s] OSS-VLM shows a man with short, dark hair and a mustache in a professional setting.
- [15.92s - 28.7s] A man standing in a room speaks or reacts to something off-camera.
- [26.56s - 48.8s] Two men seated at a conference table discuss, with one speaking and gesturing.
- [37.7s - 59.6s] A man stands in a modern office setting explaining his situation.
- [57.0s - 122.16s] Multiple scenes show three or more men engaged in discussions around tables.
- [143.40s - 180.9s] A man with a mustache, wearing a grey jacket, sits at a table and speaks to someone off-camera.
- [175.28s - 217.76s] Scenes show men in suits speaking or listening attentively.
- [249.64s - 255.0s] The video transitions to a static end screen with the ""Binge Society"" logo.

The emotional and comedic turning points are evident when Jay mentions that Gardner was arrested for failure to pay parking tickets, which shifts the mood from professional admiration to humor:

- [57.0s - 63.4s]
SPEAKER_01: And I ran all the way here from the Polk station, the police station.
SPEAKER_02: Chris, what would you say if a guy walked in for an interview without a shirt on?
- [185.9s - 232.5s]
SPEAKER_02: Chris, I don't know how you did it dressed as a garbage man, but you really pulled it off in there.
SPEAKER_02: You are a piece of work.

The video ends visually with the static end screen featuring the vibrant pink background and ""Binge Society"" logo.","This video features a memorable scene from the movie ""The Pursuit of Happyness.""

**Main Activities:**
The central activity is a job interview. Chris Gardner (played by Will Smith), dressed casually, arrives for an interview with several men in suits. He explains his appearance by confessing to being arrested for unpaid parking tickets. He then proceeds to answer questions about his determination and intellect, trying to impress the interviewers.

**Speakers:**
*   **Chris Gardner (Will Smith):** He is the main speaker, explaining his situation and answering questions with a mix of sincerity, wit, and determination. He acknowledges his less-than-ideal appearance and shares personal anecdotes to demonstrate his qualities.
*   **Interviewers:** There are four interviewers, dressed in suits. Two of them, particularly an older gentleman with white hair and a younger man with a patterned tie, actively question Chris. They initially appear skeptical but seem increasingly impressed by his responses.

**Visual Events:**
*   **Chris's Entrance:** Chris initially appears disheveled, running into the busy office area. He is visibly out of place among the smartly dressed professionals.
*   **The Interview Setting:** The interview takes place in a modern, well-lit office with large windows overlooking a city skyline. The interviewers are seated at a long, polished table.
*   **Chris's Demeanor:** Despite his appearance and the challenging questions, Chris maintains eye contact, speaks clearly, and uses expressive hand gestures, conveying his earnestness and intelligence.
*   **Reactions of Interviewers:** The interviewers' expressions shift from initial skepticism and amusement to attentiveness and increasing admiration as Chris speaks. They exchange glances, indicating their assessment of him.
*   **Subtle Humor:** There's a subtle comedic element, particularly when Chris admits to being arrested for parking tickets and states he was painting his apartment, leading to a quick exchange about whether it's dry now.

In essence, the video captures a critical moment where Chris Gardner, against all odds and appearances, attempts to secure a life-changing opportunity through sheer determination and honesty during a high-stakes job interview.","Answer: The video starts with a man standing in a busy office, observing people working. He then walks into a conference room where several men are seated. He shakes hands with a man named Chris Gardner, who is dressed formally. They sit down, and the man explains that he was arrested for failing to pay parking tickets. He then begins to interview the seated men, asking them questions about their business and their interest in hiring him. The men seem skeptical but eventually agree to hire him. The man then enters a courtroom where a judge is seated. He addresses the judge and expresses his gratitude for the opportunity. The video ends with a call to action to subscribe to a YouTube channel called Binge Society.",0.1138305,0.0386295,0.0,0.24,0.060018400000000006,0.075201
154040.0,0.0,"An older man with white hair, dressed in a suit, pink shirt, and polka-dot tie, is speaking with a serious expression, looking slightly off-camera to the left, towards a blurred individual whose back is visible. The setting is an office with large windows revealing a city background, suggesting a formal conversation or meeting. Subtitles display ""without a shirt on,"" while a ""BINGE SOCIETY"" logo is in the top left corner, and copyright details are at the bottom.",": At 154.0 seconds, the keyframe shows an older man in a suit and tie, speaking with a concerned expression to another person whose back is facing the camera. The setting appears to be an office or formal environment, with a window in the background. The man's facial expression and the context suggest a serious conversation, possibly an interview or meeting, where the older man is discussing a matter of importance or concern.",0.0007019999999999999,"This video clip from ""The Pursuit of Happyness"" features Chris Gardner (Will Smith) attending a job interview with several executives, most notably Jay.

**Main Activities:**
1.  **Arrival and Explanation:** Chris, visibly sweaty and disheveled, rushes into the professional office and then into a conference room, where several suited men are waiting for his interview. He immediately addresses his appearance, confessing he was arrested for unpaid parking tickets and had to run from the police station after painting his apartment, thus appearing in his current state.
2.  **Interview Questions:** The interviewers probe Chris about his background, his determination (as vouched for by Jay), and his intelligence. Chris confidently asserts his ability to find answers even if he doesn't know them initially.
3.  **Humorous Exchange:** The lead interviewer, Jay, poses a hypothetical question: ""What would you say if a guy walked in for an interview without a shirt on... and I hired him?"" After a pause, Chris cleverly replies, ""He must've had on some really nice pants,"" which makes the entire panel erupt in laughter.
4.  **Job Offer Discussion:** After the interview, as Chris is leaving, Jay praises him for his performance despite his appearance and tells him he can call him Jay. Chris then, to Jay's surprise, says he'll ""let him know"" about the job. Chris clarifies his hesitation, revealing he was unaware the internship was unpaid, and he needs to ensure he can support himself.
5.  **Final Exchange:** A tense but humorous exchange follows where Jay emphasizes that if Chris backs out, he'll look bad to the partners. Chris finishes Jay's sentence with a bleeped expletive (""an ass***""), and Jay, though frustrated, ultimately calls Chris ""a piece of work"" with a smile, still pushing for a decision by ""tonight.""

**Speakers:**
*   **Chris Gardner (Will Smith):** The job applicant, who explains his situation, answers questions, and delivers witty remarks.
*   **Jay (the main interviewer):** A senior executive who leads the interview, asks pointed questions, and ultimately offers Chris the position.
*   **Other Executives:** Several other suited men are present on the interview panel, asking follow-up questions and reacting to Chris's responses.
*   **Female Assistant:** Briefly introduces Chris at the start.

**Visual Events:**
*   Chris's sweaty, worn appearance contrasts sharply with the sleek, professional office and the executives' crisp suits.
*   The camera frequently cuts between Chris's expressive face and the reactions (surprise, amusement, eventual admiration) of the interview panel.
*   The wide shots of the conference room emphasize the formality of the situation against Chris's informality.
*   The laughter from the panel after Chris's joke marks a turning point in the interview's tone.
*   The final close-ups of Chris and Jay show their direct, slightly confrontational, but ultimately respectful and humorous exchange.","The video details a pivotal job interview and its immediate aftermath, revolving around Chris Gardner's determined pursuit of a position as a stockbroker trainee despite challenging circumstances. The narrative unfolds through a series of intense dialogues and observations within a professional office environment.

**Main Activities:**
1.  Chris Gardner undergoes a high-stakes job interview for a stockbroker trainee position, explaining his unconventional attire.
2.  The interviewers question Chris about his background, determination, and ability to learn the business.
3.  A comedic exchange regarding a hypothetical interviewee without a shirt lightens the mood.
4.  Chris is informally offered the trainee position, leading to a moment of unexpected hesitation due to its unpaid nature.
5.  An intense discussion ensues between one of the interviewers and his colleague about securing Chris's acceptance.

**Speakers:**
*   **Speaker 1:** An interviewer, likely a partner or senior manager, who primarily questions Chris and later discusses Chris with Jay.
*   **Speaker 2:** Chris Gardner, the determined job applicant.
*   **Speaker 3:** Jay, another interviewer or colleague of Speaker 1, who initially vouches for Chris and later expresses concern about Chris accepting the offer.

**Visual Events:**
*   **0:00-15.91s:** The video opens with a man, presumably Chris Gardner, looking intense and sweating, possibly rushing or under duress. He is seen with dark, curly hair and a mustache, wearing a light-colored, open-collared shirt. The setting is a busy office or professional environment with blurred figures in the background. The visual establishes a sense of urgency before the interview truly begins.
*   **15.92-26.55s:** Chris Gardner, now appearing more composed but still earnest, is visible from the chest up, moving towards the right against a backdrop of vertical grey panels, dressed in a grey jacket over a white undershirt. This transitions into a key scene where three men in suits, including Chris, are seated around a conference table in a high-rise office with large windows overlooking a city skyline, setting a formal business tone for the interview.
*   **26.56-58.43s:** Chris, resembling Will Smith, is animated and speaking with an open-mouthed expression, dressed in his grey jacket and white tank top in what appears to be a modern office. He gestures actively with both hands while explaining his situation to the group of five men in suits. The atmosphere is professional and serious, but Chris's energetic delivery adds a dynamic element. The interviewers listen with mostly neutral expressions.
*   **58.44-79.67s:** The scene remains focused on the interview within the modern office. The man on the left in a pinstripe suit reacts with a possibly surprised expression, aligning with his dialogue. An older man in a dark suit sits beside him, attentive. The keyframes continue to show the men in their formal setting, with Chris maintaining an earnest and focused demeanor as he answers questions.
*   **79.68-122.15s:** The interview continues, with Chris maintaining a serious expression as he looks towards the interviewers. The back of a person with white hair is visible in the foreground, opposite Chris, indicating an ongoing conversation. One of the interviewers, an older man with white hair, looks down at a document, asking questions about Chris's academic background. Chris's hands are clasped on the table, showing his focus.
*   **122.16-175.27s:** Chris, with a mustache and goatee, is visible from the chest up, maintaining a serious and earnest expression. The setting remains an office or interview room, with blurred figures and glass partitions in the background. His hands are clasped on the table. A comedic turning point occurs at this stage. Speaker 1 asks, ""Chris, what would you say if a guy walked in for an interview without a shirt on? And I hired him, what would you say?"" Chris, after a deliberate pause, delivers the humorous line, ""He must have had on some really nice pants,"" changing the mood from serious to lighthearted and eliciting an audible reaction (""Oh."") from Speaker 3 (Jay). Chris is then seen with a slight smile or smirk, looking confident.
*   **175.28-249.63s:** Following the interview, Chris, wearing his grey jacket, is seen with a slight smile, looking towards an out-of-focus person. Jay (Speaker 3) praises Chris: ""I don't know how you did it dressed as a garbage man, but you really pulled it off in there."" Chris thanks him, and Jay tells him to call him by his first name. Speaker 1 then attempts to informally offer Chris the position, saying, ""All right, we'll talk to you soon."" Chris misunderstands, replying, ""I'll let you know, Jay."" Speaker 1 clarifies, ""You'll you'll let me know, Jay."" Chris, confused, asks, ""What do you mean?"" Speaker 1 says, ""Yeah, I'll I'll give you a call tomorrow sometime and,"" but then immediately states, ""Listen. There's no salary."" This is a significant emotional turning point, as Chris's face shifts to a pensive, furrowed expression, and he expresses concern: ""No. I was not aware of that. My circumstances have changed some and I I need to be certain that I'll be able to Okay. Okay."" The scene shifts to Speaker 1 in a pinstripe suit, earnestly speaking in what appears to be a hallway, discussing Chris with Jay. Speaker 1 stresses, ""Tonight, I swear I will fill your spot. I promise."" Jay then expresses his frustration, warning Speaker 1 about the partners' perception if Chris backs out: ""You don't look like if you back out, you know what I'll look like to the partners?"" Speaker 1 responds directly, ""Yes, an ass."" Jay confirms, ""Yeah, an ass. All the way."" Jay concludes, ""You are a piece of work,"" emphasizing the intensity of the situation. The visual shows Speaker 1 with a serious and direct expression, facing the camera, while Jay's back is visible. Speaker 1's final word in the transcript is ""Tonight.""
*   **249.64-255.0s (End):** The video concludes visually with a brightly colored end screen graphic featuring a hot pink background. A white ""BINGE SOCIETY"" logo, resembling a film clapperboard, is in the upper center, flanked by two yellow rectangular video placeholders. ""SUBSCRIBE"" is prominently displayed in white at the bottom, followed by white social media icons for Instagram, Facebook, and Twitter. This is a static call-to-action screen, devoid of people or further narrative content.","**Main Activities:**
1. Chris Gardner arrives at the office, dressed in a casual outfit and explaining his presence.
2. A discussion about Gardner's background and qualities begins with colleagues expressing admiration for his earnestness and diligence.
3. The conversation shifts to Gardner’s recent arrest due to failure to pay parking tickets.
4. Colleagues discuss Gardner’s determination and intelligence, noting he has been seen multiple times at the office.
5. Gardner shares a story about being first in class during school days and in military training.
6. The video ends with a humorous exchange where Jay offers to fill Gardner's spot for an interview.

**Speakers:**
- SPEAKER_00: Chris Gardner
- SPEAKER_01: Jay (a colleague)
- SPEAKER_02: Mr. Twistle (likely another colleague)

**Visual Events:**
- [5.32s - 16.3s] OSS-VLM shows a man with short, dark hair and a mustache in a professional setting.
- [15.92s - 28.7s] A man standing in a room speaks or reacts to something off-camera.
- [26.56s - 48.8s] Two men seated at a conference table discuss, with one speaking and gesturing.
- [37.7s - 59.6s] A man stands in a modern office setting explaining his situation.
- [57.0s - 122.16s] Multiple scenes show three or more men engaged in discussions around tables.
- [143.40s - 180.9s] A man with a mustache, wearing a grey jacket, sits at a table and speaks to someone off-camera.
- [175.28s - 217.76s] Scenes show men in suits speaking or listening attentively.
- [249.64s - 255.0s] The video transitions to a static end screen with the ""Binge Society"" logo.

The emotional and comedic turning points are evident when Jay mentions that Gardner was arrested for failure to pay parking tickets, which shifts the mood from professional admiration to humor:

- [57.0s - 63.4s]
SPEAKER_01: And I ran all the way here from the Polk station, the police station.
SPEAKER_02: Chris, what would you say if a guy walked in for an interview without a shirt on?
- [185.9s - 232.5s]
SPEAKER_02: Chris, I don't know how you did it dressed as a garbage man, but you really pulled it off in there.
SPEAKER_02: You are a piece of work.

The video ends visually with the static end screen featuring the vibrant pink background and ""Binge Society"" logo.","This video features a memorable scene from the movie ""The Pursuit of Happyness.""

**Main Activities:**
The central activity is a job interview. Chris Gardner (played by Will Smith), dressed casually, arrives for an interview with several men in suits. He explains his appearance by confessing to being arrested for unpaid parking tickets. He then proceeds to answer questions about his determination and intellect, trying to impress the interviewers.

**Speakers:**
*   **Chris Gardner (Will Smith):** He is the main speaker, explaining his situation and answering questions with a mix of sincerity, wit, and determination. He acknowledges his less-than-ideal appearance and shares personal anecdotes to demonstrate his qualities.
*   **Interviewers:** There are four interviewers, dressed in suits. Two of them, particularly an older gentleman with white hair and a younger man with a patterned tie, actively question Chris. They initially appear skeptical but seem increasingly impressed by his responses.

**Visual Events:**
*   **Chris's Entrance:** Chris initially appears disheveled, running into the busy office area. He is visibly out of place among the smartly dressed professionals.
*   **The Interview Setting:** The interview takes place in a modern, well-lit office with large windows overlooking a city skyline. The interviewers are seated at a long, polished table.
*   **Chris's Demeanor:** Despite his appearance and the challenging questions, Chris maintains eye contact, speaks clearly, and uses expressive hand gestures, conveying his earnestness and intelligence.
*   **Reactions of Interviewers:** The interviewers' expressions shift from initial skepticism and amusement to attentiveness and increasing admiration as Chris speaks. They exchange glances, indicating their assessment of him.
*   **Subtle Humor:** There's a subtle comedic element, particularly when Chris admits to being arrested for parking tickets and states he was painting his apartment, leading to a quick exchange about whether it's dry now.

In essence, the video captures a critical moment where Chris Gardner, against all odds and appearances, attempts to secure a life-changing opportunity through sheer determination and honesty during a high-stakes job interview.","Answer: The video starts with a man standing in a busy office, observing people working. He then walks into a conference room where several men are seated. He shakes hands with a man named Chris Gardner, who is dressed formally. They sit down, and the man explains that he was arrested for failing to pay parking tickets. He then begins to interview the seated men, asking them questions about their business and their interest in hiring him. The men seem skeptical but eventually agree to hire him. The man then enters a courtroom where a judge is seated. He addresses the judge and expresses his gratitude for the opportunity. The video ends with a call to action to subscribe to a YouTube channel called Binge Society.",0.1138305,0.0386295,0.0,0.24,0.060018400000000006,0.075201
164680.0,0.0,"The keyframe features a man, identifiable as Will Smith, with a mustache and goatee, seated and leaning forward with his hands clasped. He wears a gray jacket over a white undershirt and has a serious, contemplative expression with his mouth slightly open, indicating he is speaking. Part of another person with white hair is visible and blurred to the right, suggesting a conversation or meeting in an indoor, possibly office-like, setting. Visible text includes the ""BINGE SOCIETY"" logo and subtitles stating, ""He must've had on some really nice pants.""","At 164.7 seconds, the keyframe shows a man in a gray jacket seated, engaged in a conversation with another person whose back is facing the camera. The man is speaking, saying, ""He must've had on some really nice pants."" The setting appears to be an indoor environment, possibly an office or a formal setting, with a blurred background that includes other people and possibly a window. The man's facial expression suggests he is making a comment, possibly with a hint of amusement or sarcasm. The overall tone of the interaction seems casual and conversational.",0.000726,"This video clip from ""The Pursuit of Happyness"" features Chris Gardner (Will Smith) attending a job interview with several executives, most notably Jay.

**Main Activities:**
1.  **Arrival and Explanation:** Chris, visibly sweaty and disheveled, rushes into the professional office and then into a conference room, where several suited men are waiting for his interview. He immediately addresses his appearance, confessing he was arrested for unpaid parking tickets and had to run from the police station after painting his apartment, thus appearing in his current state.
2.  **Interview Questions:** The interviewers probe Chris about his background, his determination (as vouched for by Jay), and his intelligence. Chris confidently asserts his ability to find answers even if he doesn't know them initially.
3.  **Humorous Exchange:** The lead interviewer, Jay, poses a hypothetical question: ""What would you say if a guy walked in for an interview without a shirt on... and I hired him?"" After a pause, Chris cleverly replies, ""He must've had on some really nice pants,"" which makes the entire panel erupt in laughter.
4.  **Job Offer Discussion:** After the interview, as Chris is leaving, Jay praises him for his performance despite his appearance and tells him he can call him Jay. Chris then, to Jay's surprise, says he'll ""let him know"" about the job. Chris clarifies his hesitation, revealing he was unaware the internship was unpaid, and he needs to ensure he can support himself.
5.  **Final Exchange:** A tense but humorous exchange follows where Jay emphasizes that if Chris backs out, he'll look bad to the partners. Chris finishes Jay's sentence with a bleeped expletive (""an ass***""), and Jay, though frustrated, ultimately calls Chris ""a piece of work"" with a smile, still pushing for a decision by ""tonight.""

**Speakers:**
*   **Chris Gardner (Will Smith):** The job applicant, who explains his situation, answers questions, and delivers witty remarks.
*   **Jay (the main interviewer):** A senior executive who leads the interview, asks pointed questions, and ultimately offers Chris the position.
*   **Other Executives:** Several other suited men are present on the interview panel, asking follow-up questions and reacting to Chris's responses.
*   **Female Assistant:** Briefly introduces Chris at the start.

**Visual Events:**
*   Chris's sweaty, worn appearance contrasts sharply with the sleek, professional office and the executives' crisp suits.
*   The camera frequently cuts between Chris's expressive face and the reactions (surprise, amusement, eventual admiration) of the interview panel.
*   The wide shots of the conference room emphasize the formality of the situation against Chris's informality.
*   The laughter from the panel after Chris's joke marks a turning point in the interview's tone.
*   The final close-ups of Chris and Jay show their direct, slightly confrontational, but ultimately respectful and humorous exchange.","The video details a pivotal job interview and its immediate aftermath, revolving around Chris Gardner's determined pursuit of a position as a stockbroker trainee despite challenging circumstances. The narrative unfolds through a series of intense dialogues and observations within a professional office environment.

**Main Activities:**
1.  Chris Gardner undergoes a high-stakes job interview for a stockbroker trainee position, explaining his unconventional attire.
2.  The interviewers question Chris about his background, determination, and ability to learn the business.
3.  A comedic exchange regarding a hypothetical interviewee without a shirt lightens the mood.
4.  Chris is informally offered the trainee position, leading to a moment of unexpected hesitation due to its unpaid nature.
5.  An intense discussion ensues between one of the interviewers and his colleague about securing Chris's acceptance.

**Speakers:**
*   **Speaker 1:** An interviewer, likely a partner or senior manager, who primarily questions Chris and later discusses Chris with Jay.
*   **Speaker 2:** Chris Gardner, the determined job applicant.
*   **Speaker 3:** Jay, another interviewer or colleague of Speaker 1, who initially vouches for Chris and later expresses concern about Chris accepting the offer.

**Visual Events:**
*   **0:00-15.91s:** The video opens with a man, presumably Chris Gardner, looking intense and sweating, possibly rushing or under duress. He is seen with dark, curly hair and a mustache, wearing a light-colored, open-collared shirt. The setting is a busy office or professional environment with blurred figures in the background. The visual establishes a sense of urgency before the interview truly begins.
*   **15.92-26.55s:** Chris Gardner, now appearing more composed but still earnest, is visible from the chest up, moving towards the right against a backdrop of vertical grey panels, dressed in a grey jacket over a white undershirt. This transitions into a key scene where three men in suits, including Chris, are seated around a conference table in a high-rise office with large windows overlooking a city skyline, setting a formal business tone for the interview.
*   **26.56-58.43s:** Chris, resembling Will Smith, is animated and speaking with an open-mouthed expression, dressed in his grey jacket and white tank top in what appears to be a modern office. He gestures actively with both hands while explaining his situation to the group of five men in suits. The atmosphere is professional and serious, but Chris's energetic delivery adds a dynamic element. The interviewers listen with mostly neutral expressions.
*   **58.44-79.67s:** The scene remains focused on the interview within the modern office. The man on the left in a pinstripe suit reacts with a possibly surprised expression, aligning with his dialogue. An older man in a dark suit sits beside him, attentive. The keyframes continue to show the men in their formal setting, with Chris maintaining an earnest and focused demeanor as he answers questions.
*   **79.68-122.15s:** The interview continues, with Chris maintaining a serious expression as he looks towards the interviewers. The back of a person with white hair is visible in the foreground, opposite Chris, indicating an ongoing conversation. One of the interviewers, an older man with white hair, looks down at a document, asking questions about Chris's academic background. Chris's hands are clasped on the table, showing his focus.
*   **122.16-175.27s:** Chris, with a mustache and goatee, is visible from the chest up, maintaining a serious and earnest expression. The setting remains an office or interview room, with blurred figures and glass partitions in the background. His hands are clasped on the table. A comedic turning point occurs at this stage. Speaker 1 asks, ""Chris, what would you say if a guy walked in for an interview without a shirt on? And I hired him, what would you say?"" Chris, after a deliberate pause, delivers the humorous line, ""He must have had on some really nice pants,"" changing the mood from serious to lighthearted and eliciting an audible reaction (""Oh."") from Speaker 3 (Jay). Chris is then seen with a slight smile or smirk, looking confident.
*   **175.28-249.63s:** Following the interview, Chris, wearing his grey jacket, is seen with a slight smile, looking towards an out-of-focus person. Jay (Speaker 3) praises Chris: ""I don't know how you did it dressed as a garbage man, but you really pulled it off in there."" Chris thanks him, and Jay tells him to call him by his first name. Speaker 1 then attempts to informally offer Chris the position, saying, ""All right, we'll talk to you soon."" Chris misunderstands, replying, ""I'll let you know, Jay."" Speaker 1 clarifies, ""You'll you'll let me know, Jay."" Chris, confused, asks, ""What do you mean?"" Speaker 1 says, ""Yeah, I'll I'll give you a call tomorrow sometime and,"" but then immediately states, ""Listen. There's no salary."" This is a significant emotional turning point, as Chris's face shifts to a pensive, furrowed expression, and he expresses concern: ""No. I was not aware of that. My circumstances have changed some and I I need to be certain that I'll be able to Okay. Okay."" The scene shifts to Speaker 1 in a pinstripe suit, earnestly speaking in what appears to be a hallway, discussing Chris with Jay. Speaker 1 stresses, ""Tonight, I swear I will fill your spot. I promise."" Jay then expresses his frustration, warning Speaker 1 about the partners' perception if Chris backs out: ""You don't look like if you back out, you know what I'll look like to the partners?"" Speaker 1 responds directly, ""Yes, an ass."" Jay confirms, ""Yeah, an ass. All the way."" Jay concludes, ""You are a piece of work,"" emphasizing the intensity of the situation. The visual shows Speaker 1 with a serious and direct expression, facing the camera, while Jay's back is visible. Speaker 1's final word in the transcript is ""Tonight.""
*   **249.64-255.0s (End):** The video concludes visually with a brightly colored end screen graphic featuring a hot pink background. A white ""BINGE SOCIETY"" logo, resembling a film clapperboard, is in the upper center, flanked by two yellow rectangular video placeholders. ""SUBSCRIBE"" is prominently displayed in white at the bottom, followed by white social media icons for Instagram, Facebook, and Twitter. This is a static call-to-action screen, devoid of people or further narrative content.","**Main Activities:**
1. Chris Gardner arrives at the office, dressed in a casual outfit and explaining his presence.
2. A discussion about Gardner's background and qualities begins with colleagues expressing admiration for his earnestness and diligence.
3. The conversation shifts to Gardner’s recent arrest due to failure to pay parking tickets.
4. Colleagues discuss Gardner’s determination and intelligence, noting he has been seen multiple times at the office.
5. Gardner shares a story about being first in class during school days and in military training.
6. The video ends with a humorous exchange where Jay offers to fill Gardner's spot for an interview.

**Speakers:**
- SPEAKER_00: Chris Gardner
- SPEAKER_01: Jay (a colleague)
- SPEAKER_02: Mr. Twistle (likely another colleague)

**Visual Events:**
- [5.32s - 16.3s] OSS-VLM shows a man with short, dark hair and a mustache in a professional setting.
- [15.92s - 28.7s] A man standing in a room speaks or reacts to something off-camera.
- [26.56s - 48.8s] Two men seated at a conference table discuss, with one speaking and gesturing.
- [37.7s - 59.6s] A man stands in a modern office setting explaining his situation.
- [57.0s - 122.16s] Multiple scenes show three or more men engaged in discussions around tables.
- [143.40s - 180.9s] A man with a mustache, wearing a grey jacket, sits at a table and speaks to someone off-camera.
- [175.28s - 217.76s] Scenes show men in suits speaking or listening attentively.
- [249.64s - 255.0s] The video transitions to a static end screen with the ""Binge Society"" logo.

The emotional and comedic turning points are evident when Jay mentions that Gardner was arrested for failure to pay parking tickets, which shifts the mood from professional admiration to humor:

- [57.0s - 63.4s]
SPEAKER_01: And I ran all the way here from the Polk station, the police station.
SPEAKER_02: Chris, what would you say if a guy walked in for an interview without a shirt on?
- [185.9s - 232.5s]
SPEAKER_02: Chris, I don't know how you did it dressed as a garbage man, but you really pulled it off in there.
SPEAKER_02: You are a piece of work.

The video ends visually with the static end screen featuring the vibrant pink background and ""Binge Society"" logo.","This video features a memorable scene from the movie ""The Pursuit of Happyness.""

**Main Activities:**
The central activity is a job interview. Chris Gardner (played by Will Smith), dressed casually, arrives for an interview with several men in suits. He explains his appearance by confessing to being arrested for unpaid parking tickets. He then proceeds to answer questions about his determination and intellect, trying to impress the interviewers.

**Speakers:**
*   **Chris Gardner (Will Smith):** He is the main speaker, explaining his situation and answering questions with a mix of sincerity, wit, and determination. He acknowledges his less-than-ideal appearance and shares personal anecdotes to demonstrate his qualities.
*   **Interviewers:** There are four interviewers, dressed in suits. Two of them, particularly an older gentleman with white hair and a younger man with a patterned tie, actively question Chris. They initially appear skeptical but seem increasingly impressed by his responses.

**Visual Events:**
*   **Chris's Entrance:** Chris initially appears disheveled, running into the busy office area. He is visibly out of place among the smartly dressed professionals.
*   **The Interview Setting:** The interview takes place in a modern, well-lit office with large windows overlooking a city skyline. The interviewers are seated at a long, polished table.
*   **Chris's Demeanor:** Despite his appearance and the challenging questions, Chris maintains eye contact, speaks clearly, and uses expressive hand gestures, conveying his earnestness and intelligence.
*   **Reactions of Interviewers:** The interviewers' expressions shift from initial skepticism and amusement to attentiveness and increasing admiration as Chris speaks. They exchange glances, indicating their assessment of him.
*   **Subtle Humor:** There's a subtle comedic element, particularly when Chris admits to being arrested for parking tickets and states he was painting his apartment, leading to a quick exchange about whether it's dry now.

In essence, the video captures a critical moment where Chris Gardner, against all odds and appearances, attempts to secure a life-changing opportunity through sheer determination and honesty during a high-stakes job interview.","Answer: The video starts with a man standing in a busy office, observing people working. He then walks into a conference room where several men are seated. He shakes hands with a man named Chris Gardner, who is dressed formally. They sit down, and the man explains that he was arrested for failing to pay parking tickets. He then begins to interview the seated men, asking them questions about their business and their interest in hiring him. The men seem skeptical but eventually agree to hire him. The man then enters a courtroom where a judge is seated. He addresses the judge and expresses his gratitude for the opportunity. The video ends with a call to action to subscribe to a YouTube channel called Binge Society.",0.1138305,0.0386295,0.0,0.24,0.060018400000000006,0.075201
175280.0,0.0,"In this keyframe, a man with dark curly hair and a mustache, wearing a grey jacket over a white undershirt, is visible from the chest up, seated at a desk or table. He has a slight smile or smirk on his face, looking towards an out-of-focus person whose back is visible on the right, suggesting a confident and positive emotional tone during what appears to be an interview or formal conversation in a modern office setting with glass partitions. The top left corner displays a ""BINGE SOCIETY"" logo, and copyright information from 2006 is present at the bottom of the screen.","At the 175.3-second mark, the scene shows a man with a mustache, wearing a light blue jacket over a white shirt, sitting at a table and engaging in a conversation. He is smiling and appears to be listening attentively to someone off-camera. The setting is an office or meeting room with other people in the background, suggesting a professional environment. The man's facial expressions and gestures indicate that he is engaged in a serious discussion, possibly an interview or a meeting.",0.0007425,"This video clip from ""The Pursuit of Happyness"" features Chris Gardner (Will Smith) attending a job interview with several executives, most notably Jay.

**Main Activities:**
1.  **Arrival and Explanation:** Chris, visibly sweaty and disheveled, rushes into the professional office and then into a conference room, where several suited men are waiting for his interview. He immediately addresses his appearance, confessing he was arrested for unpaid parking tickets and had to run from the police station after painting his apartment, thus appearing in his current state.
2.  **Interview Questions:** The interviewers probe Chris about his background, his determination (as vouched for by Jay), and his intelligence. Chris confidently asserts his ability to find answers even if he doesn't know them initially.
3.  **Humorous Exchange:** The lead interviewer, Jay, poses a hypothetical question: ""What would you say if a guy walked in for an interview without a shirt on... and I hired him?"" After a pause, Chris cleverly replies, ""He must've had on some really nice pants,"" which makes the entire panel erupt in laughter.
4.  **Job Offer Discussion:** After the interview, as Chris is leaving, Jay praises him for his performance despite his appearance and tells him he can call him Jay. Chris then, to Jay's surprise, says he'll ""let him know"" about the job. Chris clarifies his hesitation, revealing he was unaware the internship was unpaid, and he needs to ensure he can support himself.
5.  **Final Exchange:** A tense but humorous exchange follows where Jay emphasizes that if Chris backs out, he'll look bad to the partners. Chris finishes Jay's sentence with a bleeped expletive (""an ass***""), and Jay, though frustrated, ultimately calls Chris ""a piece of work"" with a smile, still pushing for a decision by ""tonight.""

**Speakers:**
*   **Chris Gardner (Will Smith):** The job applicant, who explains his situation, answers questions, and delivers witty remarks.
*   **Jay (the main interviewer):** A senior executive who leads the interview, asks pointed questions, and ultimately offers Chris the position.
*   **Other Executives:** Several other suited men are present on the interview panel, asking follow-up questions and reacting to Chris's responses.
*   **Female Assistant:** Briefly introduces Chris at the start.

**Visual Events:**
*   Chris's sweaty, worn appearance contrasts sharply with the sleek, professional office and the executives' crisp suits.
*   The camera frequently cuts between Chris's expressive face and the reactions (surprise, amusement, eventual admiration) of the interview panel.
*   The wide shots of the conference room emphasize the formality of the situation against Chris's informality.
*   The laughter from the panel after Chris's joke marks a turning point in the interview's tone.
*   The final close-ups of Chris and Jay show their direct, slightly confrontational, but ultimately respectful and humorous exchange.","The video details a pivotal job interview and its immediate aftermath, revolving around Chris Gardner's determined pursuit of a position as a stockbroker trainee despite challenging circumstances. The narrative unfolds through a series of intense dialogues and observations within a professional office environment.

**Main Activities:**
1.  Chris Gardner undergoes a high-stakes job interview for a stockbroker trainee position, explaining his unconventional attire.
2.  The interviewers question Chris about his background, determination, and ability to learn the business.
3.  A comedic exchange regarding a hypothetical interviewee without a shirt lightens the mood.
4.  Chris is informally offered the trainee position, leading to a moment of unexpected hesitation due to its unpaid nature.
5.  An intense discussion ensues between one of the interviewers and his colleague about securing Chris's acceptance.

**Speakers:**
*   **Speaker 1:** An interviewer, likely a partner or senior manager, who primarily questions Chris and later discusses Chris with Jay.
*   **Speaker 2:** Chris Gardner, the determined job applicant.
*   **Speaker 3:** Jay, another interviewer or colleague of Speaker 1, who initially vouches for Chris and later expresses concern about Chris accepting the offer.

**Visual Events:**
*   **0:00-15.91s:** The video opens with a man, presumably Chris Gardner, looking intense and sweating, possibly rushing or under duress. He is seen with dark, curly hair and a mustache, wearing a light-colored, open-collared shirt. The setting is a busy office or professional environment with blurred figures in the background. The visual establishes a sense of urgency before the interview truly begins.
*   **15.92-26.55s:** Chris Gardner, now appearing more composed but still earnest, is visible from the chest up, moving towards the right against a backdrop of vertical grey panels, dressed in a grey jacket over a white undershirt. This transitions into a key scene where three men in suits, including Chris, are seated around a conference table in a high-rise office with large windows overlooking a city skyline, setting a formal business tone for the interview.
*   **26.56-58.43s:** Chris, resembling Will Smith, is animated and speaking with an open-mouthed expression, dressed in his grey jacket and white tank top in what appears to be a modern office. He gestures actively with both hands while explaining his situation to the group of five men in suits. The atmosphere is professional and serious, but Chris's energetic delivery adds a dynamic element. The interviewers listen with mostly neutral expressions.
*   **58.44-79.67s:** The scene remains focused on the interview within the modern office. The man on the left in a pinstripe suit reacts with a possibly surprised expression, aligning with his dialogue. An older man in a dark suit sits beside him, attentive. The keyframes continue to show the men in their formal setting, with Chris maintaining an earnest and focused demeanor as he answers questions.
*   **79.68-122.15s:** The interview continues, with Chris maintaining a serious expression as he looks towards the interviewers. The back of a person with white hair is visible in the foreground, opposite Chris, indicating an ongoing conversation. One of the interviewers, an older man with white hair, looks down at a document, asking questions about Chris's academic background. Chris's hands are clasped on the table, showing his focus.
*   **122.16-175.27s:** Chris, with a mustache and goatee, is visible from the chest up, maintaining a serious and earnest expression. The setting remains an office or interview room, with blurred figures and glass partitions in the background. His hands are clasped on the table. A comedic turning point occurs at this stage. Speaker 1 asks, ""Chris, what would you say if a guy walked in for an interview without a shirt on? And I hired him, what would you say?"" Chris, after a deliberate pause, delivers the humorous line, ""He must have had on some really nice pants,"" changing the mood from serious to lighthearted and eliciting an audible reaction (""Oh."") from Speaker 3 (Jay). Chris is then seen with a slight smile or smirk, looking confident.
*   **175.28-249.63s:** Following the interview, Chris, wearing his grey jacket, is seen with a slight smile, looking towards an out-of-focus person. Jay (Speaker 3) praises Chris: ""I don't know how you did it dressed as a garbage man, but you really pulled it off in there."" Chris thanks him, and Jay tells him to call him by his first name. Speaker 1 then attempts to informally offer Chris the position, saying, ""All right, we'll talk to you soon."" Chris misunderstands, replying, ""I'll let you know, Jay."" Speaker 1 clarifies, ""You'll you'll let me know, Jay."" Chris, confused, asks, ""What do you mean?"" Speaker 1 says, ""Yeah, I'll I'll give you a call tomorrow sometime and,"" but then immediately states, ""Listen. There's no salary."" This is a significant emotional turning point, as Chris's face shifts to a pensive, furrowed expression, and he expresses concern: ""No. I was not aware of that. My circumstances have changed some and I I need to be certain that I'll be able to Okay. Okay."" The scene shifts to Speaker 1 in a pinstripe suit, earnestly speaking in what appears to be a hallway, discussing Chris with Jay. Speaker 1 stresses, ""Tonight, I swear I will fill your spot. I promise."" Jay then expresses his frustration, warning Speaker 1 about the partners' perception if Chris backs out: ""You don't look like if you back out, you know what I'll look like to the partners?"" Speaker 1 responds directly, ""Yes, an ass."" Jay confirms, ""Yeah, an ass. All the way."" Jay concludes, ""You are a piece of work,"" emphasizing the intensity of the situation. The visual shows Speaker 1 with a serious and direct expression, facing the camera, while Jay's back is visible. Speaker 1's final word in the transcript is ""Tonight.""
*   **249.64-255.0s (End):** The video concludes visually with a brightly colored end screen graphic featuring a hot pink background. A white ""BINGE SOCIETY"" logo, resembling a film clapperboard, is in the upper center, flanked by two yellow rectangular video placeholders. ""SUBSCRIBE"" is prominently displayed in white at the bottom, followed by white social media icons for Instagram, Facebook, and Twitter. This is a static call-to-action screen, devoid of people or further narrative content.","**Main Activities:**
1. Chris Gardner arrives at the office, dressed in a casual outfit and explaining his presence.
2. A discussion about Gardner's background and qualities begins with colleagues expressing admiration for his earnestness and diligence.
3. The conversation shifts to Gardner’s recent arrest due to failure to pay parking tickets.
4. Colleagues discuss Gardner’s determination and intelligence, noting he has been seen multiple times at the office.
5. Gardner shares a story about being first in class during school days and in military training.
6. The video ends with a humorous exchange where Jay offers to fill Gardner's spot for an interview.

**Speakers:**
- SPEAKER_00: Chris Gardner
- SPEAKER_01: Jay (a colleague)
- SPEAKER_02: Mr. Twistle (likely another colleague)

**Visual Events:**
- [5.32s - 16.3s] OSS-VLM shows a man with short, dark hair and a mustache in a professional setting.
- [15.92s - 28.7s] A man standing in a room speaks or reacts to something off-camera.
- [26.56s - 48.8s] Two men seated at a conference table discuss, with one speaking and gesturing.
- [37.7s - 59.6s] A man stands in a modern office setting explaining his situation.
- [57.0s - 122.16s] Multiple scenes show three or more men engaged in discussions around tables.
- [143.40s - 180.9s] A man with a mustache, wearing a grey jacket, sits at a table and speaks to someone off-camera.
- [175.28s - 217.76s] Scenes show men in suits speaking or listening attentively.
- [249.64s - 255.0s] The video transitions to a static end screen with the ""Binge Society"" logo.

The emotional and comedic turning points are evident when Jay mentions that Gardner was arrested for failure to pay parking tickets, which shifts the mood from professional admiration to humor:

- [57.0s - 63.4s]
SPEAKER_01: And I ran all the way here from the Polk station, the police station.
SPEAKER_02: Chris, what would you say if a guy walked in for an interview without a shirt on?
- [185.9s - 232.5s]
SPEAKER_02: Chris, I don't know how you did it dressed as a garbage man, but you really pulled it off in there.
SPEAKER_02: You are a piece of work.

The video ends visually with the static end screen featuring the vibrant pink background and ""Binge Society"" logo.","This video features a memorable scene from the movie ""The Pursuit of Happyness.""

**Main Activities:**
The central activity is a job interview. Chris Gardner (played by Will Smith), dressed casually, arrives for an interview with several men in suits. He explains his appearance by confessing to being arrested for unpaid parking tickets. He then proceeds to answer questions about his determination and intellect, trying to impress the interviewers.

**Speakers:**
*   **Chris Gardner (Will Smith):** He is the main speaker, explaining his situation and answering questions with a mix of sincerity, wit, and determination. He acknowledges his less-than-ideal appearance and shares personal anecdotes to demonstrate his qualities.
*   **Interviewers:** There are four interviewers, dressed in suits. Two of them, particularly an older gentleman with white hair and a younger man with a patterned tie, actively question Chris. They initially appear skeptical but seem increasingly impressed by his responses.

**Visual Events:**
*   **Chris's Entrance:** Chris initially appears disheveled, running into the busy office area. He is visibly out of place among the smartly dressed professionals.
*   **The Interview Setting:** The interview takes place in a modern, well-lit office with large windows overlooking a city skyline. The interviewers are seated at a long, polished table.
*   **Chris's Demeanor:** Despite his appearance and the challenging questions, Chris maintains eye contact, speaks clearly, and uses expressive hand gestures, conveying his earnestness and intelligence.
*   **Reactions of Interviewers:** The interviewers' expressions shift from initial skepticism and amusement to attentiveness and increasing admiration as Chris speaks. They exchange glances, indicating their assessment of him.
*   **Subtle Humor:** There's a subtle comedic element, particularly when Chris admits to being arrested for parking tickets and states he was painting his apartment, leading to a quick exchange about whether it's dry now.

In essence, the video captures a critical moment where Chris Gardner, against all odds and appearances, attempts to secure a life-changing opportunity through sheer determination and honesty during a high-stakes job interview.","Answer: The video starts with a man standing in a busy office, observing people working. He then walks into a conference room where several men are seated. He shakes hands with a man named Chris Gardner, who is dressed formally. They sit down, and the man explains that he was arrested for failing to pay parking tickets. He then begins to interview the seated men, asking them questions about their business and their interest in hiring him. The men seem skeptical but eventually agree to hire him. The man then enters a courtroom where a judge is seated. He addresses the judge and expresses his gratitude for the opportunity. The video ends with a call to action to subscribe to a YouTube channel called Binge Society.",0.1138305,0.0386295,0.0,0.24,0.060018400000000006,0.075201
185920.0,0.0,"In this keyframe, two men are shown in an indoor setting, possibly an office or institutional building with grey walls, where the number ""34"" is faintly visible. The man on the left, with a mustache and short dark hair, is speaking with a slight smile or smirk, looking towards the other man whose back of the head is visible on the right. The subtitles indicate he is saying, ""Thank you very much, Mr. Twistle,"" suggesting a polite and appreciative tone in this conversation.",": At 185.9 seconds, the scene shows two men engaged in a conversation. The man on the left, with a mustache and wearing a light-colored shirt, is facing the man on the right, who has short, curly hair and is also dressed in a light-colored shirt. The setting appears to be an indoor environment, possibly an office or a room with plain walls. The man on the left is speaking, and the text ""Thank you very much, Mr. Twistle"" is displayed on the screen, indicating that he is expressing gratitude to the other man. The emotional tone of the scene is formal and professional, suggesting that this might be an interview or a meeting.",0.0007065,"This video clip from ""The Pursuit of Happyness"" features Chris Gardner (Will Smith) attending a job interview with several executives, most notably Jay.

**Main Activities:**
1.  **Arrival and Explanation:** Chris, visibly sweaty and disheveled, rushes into the professional office and then into a conference room, where several suited men are waiting for his interview. He immediately addresses his appearance, confessing he was arrested for unpaid parking tickets and had to run from the police station after painting his apartment, thus appearing in his current state.
2.  **Interview Questions:** The interviewers probe Chris about his background, his determination (as vouched for by Jay), and his intelligence. Chris confidently asserts his ability to find answers even if he doesn't know them initially.
3.  **Humorous Exchange:** The lead interviewer, Jay, poses a hypothetical question: ""What would you say if a guy walked in for an interview without a shirt on... and I hired him?"" After a pause, Chris cleverly replies, ""He must've had on some really nice pants,"" which makes the entire panel erupt in laughter.
4.  **Job Offer Discussion:** After the interview, as Chris is leaving, Jay praises him for his performance despite his appearance and tells him he can call him Jay. Chris then, to Jay's surprise, says he'll ""let him know"" about the job. Chris clarifies his hesitation, revealing he was unaware the internship was unpaid, and he needs to ensure he can support himself.
5.  **Final Exchange:** A tense but humorous exchange follows where Jay emphasizes that if Chris backs out, he'll look bad to the partners. Chris finishes Jay's sentence with a bleeped expletive (""an ass***""), and Jay, though frustrated, ultimately calls Chris ""a piece of work"" with a smile, still pushing for a decision by ""tonight.""

**Speakers:**
*   **Chris Gardner (Will Smith):** The job applicant, who explains his situation, answers questions, and delivers witty remarks.
*   **Jay (the main interviewer):** A senior executive who leads the interview, asks pointed questions, and ultimately offers Chris the position.
*   **Other Executives:** Several other suited men are present on the interview panel, asking follow-up questions and reacting to Chris's responses.
*   **Female Assistant:** Briefly introduces Chris at the start.

**Visual Events:**
*   Chris's sweaty, worn appearance contrasts sharply with the sleek, professional office and the executives' crisp suits.
*   The camera frequently cuts between Chris's expressive face and the reactions (surprise, amusement, eventual admiration) of the interview panel.
*   The wide shots of the conference room emphasize the formality of the situation against Chris's informality.
*   The laughter from the panel after Chris's joke marks a turning point in the interview's tone.
*   The final close-ups of Chris and Jay show their direct, slightly confrontational, but ultimately respectful and humorous exchange.","The video details a pivotal job interview and its immediate aftermath, revolving around Chris Gardner's determined pursuit of a position as a stockbroker trainee despite challenging circumstances. The narrative unfolds through a series of intense dialogues and observations within a professional office environment.

**Main Activities:**
1.  Chris Gardner undergoes a high-stakes job interview for a stockbroker trainee position, explaining his unconventional attire.
2.  The interviewers question Chris about his background, determination, and ability to learn the business.
3.  A comedic exchange regarding a hypothetical interviewee without a shirt lightens the mood.
4.  Chris is informally offered the trainee position, leading to a moment of unexpected hesitation due to its unpaid nature.
5.  An intense discussion ensues between one of the interviewers and his colleague about securing Chris's acceptance.

**Speakers:**
*   **Speaker 1:** An interviewer, likely a partner or senior manager, who primarily questions Chris and later discusses Chris with Jay.
*   **Speaker 2:** Chris Gardner, the determined job applicant.
*   **Speaker 3:** Jay, another interviewer or colleague of Speaker 1, who initially vouches for Chris and later expresses concern about Chris accepting the offer.

**Visual Events:**
*   **0:00-15.91s:** The video opens with a man, presumably Chris Gardner, looking intense and sweating, possibly rushing or under duress. He is seen with dark, curly hair and a mustache, wearing a light-colored, open-collared shirt. The setting is a busy office or professional environment with blurred figures in the background. The visual establishes a sense of urgency before the interview truly begins.
*   **15.92-26.55s:** Chris Gardner, now appearing more composed but still earnest, is visible from the chest up, moving towards the right against a backdrop of vertical grey panels, dressed in a grey jacket over a white undershirt. This transitions into a key scene where three men in suits, including Chris, are seated around a conference table in a high-rise office with large windows overlooking a city skyline, setting a formal business tone for the interview.
*   **26.56-58.43s:** Chris, resembling Will Smith, is animated and speaking with an open-mouthed expression, dressed in his grey jacket and white tank top in what appears to be a modern office. He gestures actively with both hands while explaining his situation to the group of five men in suits. The atmosphere is professional and serious, but Chris's energetic delivery adds a dynamic element. The interviewers listen with mostly neutral expressions.
*   **58.44-79.67s:** The scene remains focused on the interview within the modern office. The man on the left in a pinstripe suit reacts with a possibly surprised expression, aligning with his dialogue. An older man in a dark suit sits beside him, attentive. The keyframes continue to show the men in their formal setting, with Chris maintaining an earnest and focused demeanor as he answers questions.
*   **79.68-122.15s:** The interview continues, with Chris maintaining a serious expression as he looks towards the interviewers. The back of a person with white hair is visible in the foreground, opposite Chris, indicating an ongoing conversation. One of the interviewers, an older man with white hair, looks down at a document, asking questions about Chris's academic background. Chris's hands are clasped on the table, showing his focus.
*   **122.16-175.27s:** Chris, with a mustache and goatee, is visible from the chest up, maintaining a serious and earnest expression. The setting remains an office or interview room, with blurred figures and glass partitions in the background. His hands are clasped on the table. A comedic turning point occurs at this stage. Speaker 1 asks, ""Chris, what would you say if a guy walked in for an interview without a shirt on? And I hired him, what would you say?"" Chris, after a deliberate pause, delivers the humorous line, ""He must have had on some really nice pants,"" changing the mood from serious to lighthearted and eliciting an audible reaction (""Oh."") from Speaker 3 (Jay). Chris is then seen with a slight smile or smirk, looking confident.
*   **175.28-249.63s:** Following the interview, Chris, wearing his grey jacket, is seen with a slight smile, looking towards an out-of-focus person. Jay (Speaker 3) praises Chris: ""I don't know how you did it dressed as a garbage man, but you really pulled it off in there."" Chris thanks him, and Jay tells him to call him by his first name. Speaker 1 then attempts to informally offer Chris the position, saying, ""All right, we'll talk to you soon."" Chris misunderstands, replying, ""I'll let you know, Jay."" Speaker 1 clarifies, ""You'll you'll let me know, Jay."" Chris, confused, asks, ""What do you mean?"" Speaker 1 says, ""Yeah, I'll I'll give you a call tomorrow sometime and,"" but then immediately states, ""Listen. There's no salary."" This is a significant emotional turning point, as Chris's face shifts to a pensive, furrowed expression, and he expresses concern: ""No. I was not aware of that. My circumstances have changed some and I I need to be certain that I'll be able to Okay. Okay."" The scene shifts to Speaker 1 in a pinstripe suit, earnestly speaking in what appears to be a hallway, discussing Chris with Jay. Speaker 1 stresses, ""Tonight, I swear I will fill your spot. I promise."" Jay then expresses his frustration, warning Speaker 1 about the partners' perception if Chris backs out: ""You don't look like if you back out, you know what I'll look like to the partners?"" Speaker 1 responds directly, ""Yes, an ass."" Jay confirms, ""Yeah, an ass. All the way."" Jay concludes, ""You are a piece of work,"" emphasizing the intensity of the situation. The visual shows Speaker 1 with a serious and direct expression, facing the camera, while Jay's back is visible. Speaker 1's final word in the transcript is ""Tonight.""
*   **249.64-255.0s (End):** The video concludes visually with a brightly colored end screen graphic featuring a hot pink background. A white ""BINGE SOCIETY"" logo, resembling a film clapperboard, is in the upper center, flanked by two yellow rectangular video placeholders. ""SUBSCRIBE"" is prominently displayed in white at the bottom, followed by white social media icons for Instagram, Facebook, and Twitter. This is a static call-to-action screen, devoid of people or further narrative content.","**Main Activities:**
1. Chris Gardner arrives at the office, dressed in a casual outfit and explaining his presence.
2. A discussion about Gardner's background and qualities begins with colleagues expressing admiration for his earnestness and diligence.
3. The conversation shifts to Gardner’s recent arrest due to failure to pay parking tickets.
4. Colleagues discuss Gardner’s determination and intelligence, noting he has been seen multiple times at the office.
5. Gardner shares a story about being first in class during school days and in military training.
6. The video ends with a humorous exchange where Jay offers to fill Gardner's spot for an interview.

**Speakers:**
- SPEAKER_00: Chris Gardner
- SPEAKER_01: Jay (a colleague)
- SPEAKER_02: Mr. Twistle (likely another colleague)

**Visual Events:**
- [5.32s - 16.3s] OSS-VLM shows a man with short, dark hair and a mustache in a professional setting.
- [15.92s - 28.7s] A man standing in a room speaks or reacts to something off-camera.
- [26.56s - 48.8s] Two men seated at a conference table discuss, with one speaking and gesturing.
- [37.7s - 59.6s] A man stands in a modern office setting explaining his situation.
- [57.0s - 122.16s] Multiple scenes show three or more men engaged in discussions around tables.
- [143.40s - 180.9s] A man with a mustache, wearing a grey jacket, sits at a table and speaks to someone off-camera.
- [175.28s - 217.76s] Scenes show men in suits speaking or listening attentively.
- [249.64s - 255.0s] The video transitions to a static end screen with the ""Binge Society"" logo.

The emotional and comedic turning points are evident when Jay mentions that Gardner was arrested for failure to pay parking tickets, which shifts the mood from professional admiration to humor:

- [57.0s - 63.4s]
SPEAKER_01: And I ran all the way here from the Polk station, the police station.
SPEAKER_02: Chris, what would you say if a guy walked in for an interview without a shirt on?
- [185.9s - 232.5s]
SPEAKER_02: Chris, I don't know how you did it dressed as a garbage man, but you really pulled it off in there.
SPEAKER_02: You are a piece of work.

The video ends visually with the static end screen featuring the vibrant pink background and ""Binge Society"" logo.","This video features a memorable scene from the movie ""The Pursuit of Happyness.""

**Main Activities:**
The central activity is a job interview. Chris Gardner (played by Will Smith), dressed casually, arrives for an interview with several men in suits. He explains his appearance by confessing to being arrested for unpaid parking tickets. He then proceeds to answer questions about his determination and intellect, trying to impress the interviewers.

**Speakers:**
*   **Chris Gardner (Will Smith):** He is the main speaker, explaining his situation and answering questions with a mix of sincerity, wit, and determination. He acknowledges his less-than-ideal appearance and shares personal anecdotes to demonstrate his qualities.
*   **Interviewers:** There are four interviewers, dressed in suits. Two of them, particularly an older gentleman with white hair and a younger man with a patterned tie, actively question Chris. They initially appear skeptical but seem increasingly impressed by his responses.

**Visual Events:**
*   **Chris's Entrance:** Chris initially appears disheveled, running into the busy office area. He is visibly out of place among the smartly dressed professionals.
*   **The Interview Setting:** The interview takes place in a modern, well-lit office with large windows overlooking a city skyline. The interviewers are seated at a long, polished table.
*   **Chris's Demeanor:** Despite his appearance and the challenging questions, Chris maintains eye contact, speaks clearly, and uses expressive hand gestures, conveying his earnestness and intelligence.
*   **Reactions of Interviewers:** The interviewers' expressions shift from initial skepticism and amusement to attentiveness and increasing admiration as Chris speaks. They exchange glances, indicating their assessment of him.
*   **Subtle Humor:** There's a subtle comedic element, particularly when Chris admits to being arrested for parking tickets and states he was painting his apartment, leading to a quick exchange about whether it's dry now.

In essence, the video captures a critical moment where Chris Gardner, against all odds and appearances, attempts to secure a life-changing opportunity through sheer determination and honesty during a high-stakes job interview.","Answer: The video starts with a man standing in a busy office, observing people working. He then walks into a conference room where several men are seated. He shakes hands with a man named Chris Gardner, who is dressed formally. They sit down, and the man explains that he was arrested for failing to pay parking tickets. He then begins to interview the seated men, asking them questions about their business and their interest in hiring him. The men seem skeptical but eventually agree to hire him. The man then enters a courtroom where a judge is seated. He addresses the judge and expresses his gratitude for the opportunity. The video ends with a call to action to subscribe to a YouTube channel called Binge Society.",0.1138305,0.0386295,0.0,0.24,0.060018400000000006,0.075201
196520.0,0.0,"A man with dark, curly hair and a mustache is visible from the chest up, looking downwards with a pensive and slightly furrowed expression, mouth slightly ajar as if speaking. He wears a grey collared garment and is in an indoor setting with dark and lighter walls, where faint numbers ""34"" are visible behind him. Subtitles read, ""Yeah. I'll give you a call tomorrow sometime..."", suggesting he is the speaker in what appears to be a serious and personal conversation.","At 196.5 seconds, the keyframe shows a man with a serious expression, looking downward. He is wearing a jacket and appears to be in a dimly lit room. The text on the screen reads, ""Yeah. I'll give you a call tomorrow sometime..."" The setting suggests a serious or contemplative tone, and the man's facial expression and body language indicate a moment of reflection or decision-making.",0.0007049999999999999,"This video clip from ""The Pursuit of Happyness"" features Chris Gardner (Will Smith) attending a job interview with several executives, most notably Jay.

**Main Activities:**
1.  **Arrival and Explanation:** Chris, visibly sweaty and disheveled, rushes into the professional office and then into a conference room, where several suited men are waiting for his interview. He immediately addresses his appearance, confessing he was arrested for unpaid parking tickets and had to run from the police station after painting his apartment, thus appearing in his current state.
2.  **Interview Questions:** The interviewers probe Chris about his background, his determination (as vouched for by Jay), and his intelligence. Chris confidently asserts his ability to find answers even if he doesn't know them initially.
3.  **Humorous Exchange:** The lead interviewer, Jay, poses a hypothetical question: ""What would you say if a guy walked in for an interview without a shirt on... and I hired him?"" After a pause, Chris cleverly replies, ""He must've had on some really nice pants,"" which makes the entire panel erupt in laughter.
4.  **Job Offer Discussion:** After the interview, as Chris is leaving, Jay praises him for his performance despite his appearance and tells him he can call him Jay. Chris then, to Jay's surprise, says he'll ""let him know"" about the job. Chris clarifies his hesitation, revealing he was unaware the internship was unpaid, and he needs to ensure he can support himself.
5.  **Final Exchange:** A tense but humorous exchange follows where Jay emphasizes that if Chris backs out, he'll look bad to the partners. Chris finishes Jay's sentence with a bleeped expletive (""an ass***""), and Jay, though frustrated, ultimately calls Chris ""a piece of work"" with a smile, still pushing for a decision by ""tonight.""

**Speakers:**
*   **Chris Gardner (Will Smith):** The job applicant, who explains his situation, answers questions, and delivers witty remarks.
*   **Jay (the main interviewer):** A senior executive who leads the interview, asks pointed questions, and ultimately offers Chris the position.
*   **Other Executives:** Several other suited men are present on the interview panel, asking follow-up questions and reacting to Chris's responses.
*   **Female Assistant:** Briefly introduces Chris at the start.

**Visual Events:**
*   Chris's sweaty, worn appearance contrasts sharply with the sleek, professional office and the executives' crisp suits.
*   The camera frequently cuts between Chris's expressive face and the reactions (surprise, amusement, eventual admiration) of the interview panel.
*   The wide shots of the conference room emphasize the formality of the situation against Chris's informality.
*   The laughter from the panel after Chris's joke marks a turning point in the interview's tone.
*   The final close-ups of Chris and Jay show their direct, slightly confrontational, but ultimately respectful and humorous exchange.","The video details a pivotal job interview and its immediate aftermath, revolving around Chris Gardner's determined pursuit of a position as a stockbroker trainee despite challenging circumstances. The narrative unfolds through a series of intense dialogues and observations within a professional office environment.

**Main Activities:**
1.  Chris Gardner undergoes a high-stakes job interview for a stockbroker trainee position, explaining his unconventional attire.
2.  The interviewers question Chris about his background, determination, and ability to learn the business.
3.  A comedic exchange regarding a hypothetical interviewee without a shirt lightens the mood.
4.  Chris is informally offered the trainee position, leading to a moment of unexpected hesitation due to its unpaid nature.
5.  An intense discussion ensues between one of the interviewers and his colleague about securing Chris's acceptance.

**Speakers:**
*   **Speaker 1:** An interviewer, likely a partner or senior manager, who primarily questions Chris and later discusses Chris with Jay.
*   **Speaker 2:** Chris Gardner, the determined job applicant.
*   **Speaker 3:** Jay, another interviewer or colleague of Speaker 1, who initially vouches for Chris and later expresses concern about Chris accepting the offer.

**Visual Events:**
*   **0:00-15.91s:** The video opens with a man, presumably Chris Gardner, looking intense and sweating, possibly rushing or under duress. He is seen with dark, curly hair and a mustache, wearing a light-colored, open-collared shirt. The setting is a busy office or professional environment with blurred figures in the background. The visual establishes a sense of urgency before the interview truly begins.
*   **15.92-26.55s:** Chris Gardner, now appearing more composed but still earnest, is visible from the chest up, moving towards the right against a backdrop of vertical grey panels, dressed in a grey jacket over a white undershirt. This transitions into a key scene where three men in suits, including Chris, are seated around a conference table in a high-rise office with large windows overlooking a city skyline, setting a formal business tone for the interview.
*   **26.56-58.43s:** Chris, resembling Will Smith, is animated and speaking with an open-mouthed expression, dressed in his grey jacket and white tank top in what appears to be a modern office. He gestures actively with both hands while explaining his situation to the group of five men in suits. The atmosphere is professional and serious, but Chris's energetic delivery adds a dynamic element. The interviewers listen with mostly neutral expressions.
*   **58.44-79.67s:** The scene remains focused on the interview within the modern office. The man on the left in a pinstripe suit reacts with a possibly surprised expression, aligning with his dialogue. An older man in a dark suit sits beside him, attentive. The keyframes continue to show the men in their formal setting, with Chris maintaining an earnest and focused demeanor as he answers questions.
*   **79.68-122.15s:** The interview continues, with Chris maintaining a serious expression as he looks towards the interviewers. The back of a person with white hair is visible in the foreground, opposite Chris, indicating an ongoing conversation. One of the interviewers, an older man with white hair, looks down at a document, asking questions about Chris's academic background. Chris's hands are clasped on the table, showing his focus.
*   **122.16-175.27s:** Chris, with a mustache and goatee, is visible from the chest up, maintaining a serious and earnest expression. The setting remains an office or interview room, with blurred figures and glass partitions in the background. His hands are clasped on the table. A comedic turning point occurs at this stage. Speaker 1 asks, ""Chris, what would you say if a guy walked in for an interview without a shirt on? And I hired him, what would you say?"" Chris, after a deliberate pause, delivers the humorous line, ""He must have had on some really nice pants,"" changing the mood from serious to lighthearted and eliciting an audible reaction (""Oh."") from Speaker 3 (Jay). Chris is then seen with a slight smile or smirk, looking confident.
*   **175.28-249.63s:** Following the interview, Chris, wearing his grey jacket, is seen with a slight smile, looking towards an out-of-focus person. Jay (Speaker 3) praises Chris: ""I don't know how you did it dressed as a garbage man, but you really pulled it off in there."" Chris thanks him, and Jay tells him to call him by his first name. Speaker 1 then attempts to informally offer Chris the position, saying, ""All right, we'll talk to you soon."" Chris misunderstands, replying, ""I'll let you know, Jay."" Speaker 1 clarifies, ""You'll you'll let me know, Jay."" Chris, confused, asks, ""What do you mean?"" Speaker 1 says, ""Yeah, I'll I'll give you a call tomorrow sometime and,"" but then immediately states, ""Listen. There's no salary."" This is a significant emotional turning point, as Chris's face shifts to a pensive, furrowed expression, and he expresses concern: ""No. I was not aware of that. My circumstances have changed some and I I need to be certain that I'll be able to Okay. Okay."" The scene shifts to Speaker 1 in a pinstripe suit, earnestly speaking in what appears to be a hallway, discussing Chris with Jay. Speaker 1 stresses, ""Tonight, I swear I will fill your spot. I promise."" Jay then expresses his frustration, warning Speaker 1 about the partners' perception if Chris backs out: ""You don't look like if you back out, you know what I'll look like to the partners?"" Speaker 1 responds directly, ""Yes, an ass."" Jay confirms, ""Yeah, an ass. All the way."" Jay concludes, ""You are a piece of work,"" emphasizing the intensity of the situation. The visual shows Speaker 1 with a serious and direct expression, facing the camera, while Jay's back is visible. Speaker 1's final word in the transcript is ""Tonight.""
*   **249.64-255.0s (End):** The video concludes visually with a brightly colored end screen graphic featuring a hot pink background. A white ""BINGE SOCIETY"" logo, resembling a film clapperboard, is in the upper center, flanked by two yellow rectangular video placeholders. ""SUBSCRIBE"" is prominently displayed in white at the bottom, followed by white social media icons for Instagram, Facebook, and Twitter. This is a static call-to-action screen, devoid of people or further narrative content.","**Main Activities:**
1. Chris Gardner arrives at the office, dressed in a casual outfit and explaining his presence.
2. A discussion about Gardner's background and qualities begins with colleagues expressing admiration for his earnestness and diligence.
3. The conversation shifts to Gardner’s recent arrest due to failure to pay parking tickets.
4. Colleagues discuss Gardner’s determination and intelligence, noting he has been seen multiple times at the office.
5. Gardner shares a story about being first in class during school days and in military training.
6. The video ends with a humorous exchange where Jay offers to fill Gardner's spot for an interview.

**Speakers:**
- SPEAKER_00: Chris Gardner
- SPEAKER_01: Jay (a colleague)
- SPEAKER_02: Mr. Twistle (likely another colleague)

**Visual Events:**
- [5.32s - 16.3s] OSS-VLM shows a man with short, dark hair and a mustache in a professional setting.
- [15.92s - 28.7s] A man standing in a room speaks or reacts to something off-camera.
- [26.56s - 48.8s] Two men seated at a conference table discuss, with one speaking and gesturing.
- [37.7s - 59.6s] A man stands in a modern office setting explaining his situation.
- [57.0s - 122.16s] Multiple scenes show three or more men engaged in discussions around tables.
- [143.40s - 180.9s] A man with a mustache, wearing a grey jacket, sits at a table and speaks to someone off-camera.
- [175.28s - 217.76s] Scenes show men in suits speaking or listening attentively.
- [249.64s - 255.0s] The video transitions to a static end screen with the ""Binge Society"" logo.

The emotional and comedic turning points are evident when Jay mentions that Gardner was arrested for failure to pay parking tickets, which shifts the mood from professional admiration to humor:

- [57.0s - 63.4s]
SPEAKER_01: And I ran all the way here from the Polk station, the police station.
SPEAKER_02: Chris, what would you say if a guy walked in for an interview without a shirt on?
- [185.9s - 232.5s]
SPEAKER_02: Chris, I don't know how you did it dressed as a garbage man, but you really pulled it off in there.
SPEAKER_02: You are a piece of work.

The video ends visually with the static end screen featuring the vibrant pink background and ""Binge Society"" logo.","This video features a memorable scene from the movie ""The Pursuit of Happyness.""

**Main Activities:**
The central activity is a job interview. Chris Gardner (played by Will Smith), dressed casually, arrives for an interview with several men in suits. He explains his appearance by confessing to being arrested for unpaid parking tickets. He then proceeds to answer questions about his determination and intellect, trying to impress the interviewers.

**Speakers:**
*   **Chris Gardner (Will Smith):** He is the main speaker, explaining his situation and answering questions with a mix of sincerity, wit, and determination. He acknowledges his less-than-ideal appearance and shares personal anecdotes to demonstrate his qualities.
*   **Interviewers:** There are four interviewers, dressed in suits. Two of them, particularly an older gentleman with white hair and a younger man with a patterned tie, actively question Chris. They initially appear skeptical but seem increasingly impressed by his responses.

**Visual Events:**
*   **Chris's Entrance:** Chris initially appears disheveled, running into the busy office area. He is visibly out of place among the smartly dressed professionals.
*   **The Interview Setting:** The interview takes place in a modern, well-lit office with large windows overlooking a city skyline. The interviewers are seated at a long, polished table.
*   **Chris's Demeanor:** Despite his appearance and the challenging questions, Chris maintains eye contact, speaks clearly, and uses expressive hand gestures, conveying his earnestness and intelligence.
*   **Reactions of Interviewers:** The interviewers' expressions shift from initial skepticism and amusement to attentiveness and increasing admiration as Chris speaks. They exchange glances, indicating their assessment of him.
*   **Subtle Humor:** There's a subtle comedic element, particularly when Chris admits to being arrested for parking tickets and states he was painting his apartment, leading to a quick exchange about whether it's dry now.

In essence, the video captures a critical moment where Chris Gardner, against all odds and appearances, attempts to secure a life-changing opportunity through sheer determination and honesty during a high-stakes job interview.","Answer: The video starts with a man standing in a busy office, observing people working. He then walks into a conference room where several men are seated. He shakes hands with a man named Chris Gardner, who is dressed formally. They sit down, and the man explains that he was arrested for failing to pay parking tickets. He then begins to interview the seated men, asking them questions about their business and their interest in hiring him. The men seem skeptical but eventually agree to hire him. The man then enters a courtroom where a judge is seated. He addresses the judge and expresses his gratitude for the opportunity. The video ends with a call to action to subscribe to a YouTube channel called Binge Society.",0.1138305,0.0386295,0.0,0.24,0.060018400000000006,0.075201
207160.0,0.0,"In this keyframe, a man in a pinstripe suit and tie is visible on the right, appearing to speak to someone whose back is partially seen on the left. He has a serious, slightly concerned expression with his mouth open and his right hand raised in a gesturing motion, indicating an active conversation. The setting appears to be indoors with wooden paneling in the background, and subtitles read ""and I need to be certain that I'll be..."", suggesting a serious and possibly urgent discussion.","At 207.2 seconds, the scene features a man in a pinstripe suit and tie, appearing to be in a serious conversation with another person whose back is facing the camera. The setting is an indoor office or meeting room with wooden paneling and a window in the background. The man's facial expression is tense and focused, suggesting he is discussing something important or urgent. The dialogue includes the phrase ""and I need to be certain that I'll be..."" indicating a moment of decision or assurance. The overall tone is serious and professional.",0.0007034999999999999,"This video clip from ""The Pursuit of Happyness"" features Chris Gardner (Will Smith) attending a job interview with several executives, most notably Jay.

**Main Activities:**
1.  **Arrival and Explanation:** Chris, visibly sweaty and disheveled, rushes into the professional office and then into a conference room, where several suited men are waiting for his interview. He immediately addresses his appearance, confessing he was arrested for unpaid parking tickets and had to run from the police station after painting his apartment, thus appearing in his current state.
2.  **Interview Questions:** The interviewers probe Chris about his background, his determination (as vouched for by Jay), and his intelligence. Chris confidently asserts his ability to find answers even if he doesn't know them initially.
3.  **Humorous Exchange:** The lead interviewer, Jay, poses a hypothetical question: ""What would you say if a guy walked in for an interview without a shirt on... and I hired him?"" After a pause, Chris cleverly replies, ""He must've had on some really nice pants,"" which makes the entire panel erupt in laughter.
4.  **Job Offer Discussion:** After the interview, as Chris is leaving, Jay praises him for his performance despite his appearance and tells him he can call him Jay. Chris then, to Jay's surprise, says he'll ""let him know"" about the job. Chris clarifies his hesitation, revealing he was unaware the internship was unpaid, and he needs to ensure he can support himself.
5.  **Final Exchange:** A tense but humorous exchange follows where Jay emphasizes that if Chris backs out, he'll look bad to the partners. Chris finishes Jay's sentence with a bleeped expletive (""an ass***""), and Jay, though frustrated, ultimately calls Chris ""a piece of work"" with a smile, still pushing for a decision by ""tonight.""

**Speakers:**
*   **Chris Gardner (Will Smith):** The job applicant, who explains his situation, answers questions, and delivers witty remarks.
*   **Jay (the main interviewer):** A senior executive who leads the interview, asks pointed questions, and ultimately offers Chris the position.
*   **Other Executives:** Several other suited men are present on the interview panel, asking follow-up questions and reacting to Chris's responses.
*   **Female Assistant:** Briefly introduces Chris at the start.

**Visual Events:**
*   Chris's sweaty, worn appearance contrasts sharply with the sleek, professional office and the executives' crisp suits.
*   The camera frequently cuts between Chris's expressive face and the reactions (surprise, amusement, eventual admiration) of the interview panel.
*   The wide shots of the conference room emphasize the formality of the situation against Chris's informality.
*   The laughter from the panel after Chris's joke marks a turning point in the interview's tone.
*   The final close-ups of Chris and Jay show their direct, slightly confrontational, but ultimately respectful and humorous exchange.","The video details a pivotal job interview and its immediate aftermath, revolving around Chris Gardner's determined pursuit of a position as a stockbroker trainee despite challenging circumstances. The narrative unfolds through a series of intense dialogues and observations within a professional office environment.

**Main Activities:**
1.  Chris Gardner undergoes a high-stakes job interview for a stockbroker trainee position, explaining his unconventional attire.
2.  The interviewers question Chris about his background, determination, and ability to learn the business.
3.  A comedic exchange regarding a hypothetical interviewee without a shirt lightens the mood.
4.  Chris is informally offered the trainee position, leading to a moment of unexpected hesitation due to its unpaid nature.
5.  An intense discussion ensues between one of the interviewers and his colleague about securing Chris's acceptance.

**Speakers:**
*   **Speaker 1:** An interviewer, likely a partner or senior manager, who primarily questions Chris and later discusses Chris with Jay.
*   **Speaker 2:** Chris Gardner, the determined job applicant.
*   **Speaker 3:** Jay, another interviewer or colleague of Speaker 1, who initially vouches for Chris and later expresses concern about Chris accepting the offer.

**Visual Events:**
*   **0:00-15.91s:** The video opens with a man, presumably Chris Gardner, looking intense and sweating, possibly rushing or under duress. He is seen with dark, curly hair and a mustache, wearing a light-colored, open-collared shirt. The setting is a busy office or professional environment with blurred figures in the background. The visual establishes a sense of urgency before the interview truly begins.
*   **15.92-26.55s:** Chris Gardner, now appearing more composed but still earnest, is visible from the chest up, moving towards the right against a backdrop of vertical grey panels, dressed in a grey jacket over a white undershirt. This transitions into a key scene where three men in suits, including Chris, are seated around a conference table in a high-rise office with large windows overlooking a city skyline, setting a formal business tone for the interview.
*   **26.56-58.43s:** Chris, resembling Will Smith, is animated and speaking with an open-mouthed expression, dressed in his grey jacket and white tank top in what appears to be a modern office. He gestures actively with both hands while explaining his situation to the group of five men in suits. The atmosphere is professional and serious, but Chris's energetic delivery adds a dynamic element. The interviewers listen with mostly neutral expressions.
*   **58.44-79.67s:** The scene remains focused on the interview within the modern office. The man on the left in a pinstripe suit reacts with a possibly surprised expression, aligning with his dialogue. An older man in a dark suit sits beside him, attentive. The keyframes continue to show the men in their formal setting, with Chris maintaining an earnest and focused demeanor as he answers questions.
*   **79.68-122.15s:** The interview continues, with Chris maintaining a serious expression as he looks towards the interviewers. The back of a person with white hair is visible in the foreground, opposite Chris, indicating an ongoing conversation. One of the interviewers, an older man with white hair, looks down at a document, asking questions about Chris's academic background. Chris's hands are clasped on the table, showing his focus.
*   **122.16-175.27s:** Chris, with a mustache and goatee, is visible from the chest up, maintaining a serious and earnest expression. The setting remains an office or interview room, with blurred figures and glass partitions in the background. His hands are clasped on the table. A comedic turning point occurs at this stage. Speaker 1 asks, ""Chris, what would you say if a guy walked in for an interview without a shirt on? And I hired him, what would you say?"" Chris, after a deliberate pause, delivers the humorous line, ""He must have had on some really nice pants,"" changing the mood from serious to lighthearted and eliciting an audible reaction (""Oh."") from Speaker 3 (Jay). Chris is then seen with a slight smile or smirk, looking confident.
*   **175.28-249.63s:** Following the interview, Chris, wearing his grey jacket, is seen with a slight smile, looking towards an out-of-focus person. Jay (Speaker 3) praises Chris: ""I don't know how you did it dressed as a garbage man, but you really pulled it off in there."" Chris thanks him, and Jay tells him to call him by his first name. Speaker 1 then attempts to informally offer Chris the position, saying, ""All right, we'll talk to you soon."" Chris misunderstands, replying, ""I'll let you know, Jay."" Speaker 1 clarifies, ""You'll you'll let me know, Jay."" Chris, confused, asks, ""What do you mean?"" Speaker 1 says, ""Yeah, I'll I'll give you a call tomorrow sometime and,"" but then immediately states, ""Listen. There's no salary."" This is a significant emotional turning point, as Chris's face shifts to a pensive, furrowed expression, and he expresses concern: ""No. I was not aware of that. My circumstances have changed some and I I need to be certain that I'll be able to Okay. Okay."" The scene shifts to Speaker 1 in a pinstripe suit, earnestly speaking in what appears to be a hallway, discussing Chris with Jay. Speaker 1 stresses, ""Tonight, I swear I will fill your spot. I promise."" Jay then expresses his frustration, warning Speaker 1 about the partners' perception if Chris backs out: ""You don't look like if you back out, you know what I'll look like to the partners?"" Speaker 1 responds directly, ""Yes, an ass."" Jay confirms, ""Yeah, an ass. All the way."" Jay concludes, ""You are a piece of work,"" emphasizing the intensity of the situation. The visual shows Speaker 1 with a serious and direct expression, facing the camera, while Jay's back is visible. Speaker 1's final word in the transcript is ""Tonight.""
*   **249.64-255.0s (End):** The video concludes visually with a brightly colored end screen graphic featuring a hot pink background. A white ""BINGE SOCIETY"" logo, resembling a film clapperboard, is in the upper center, flanked by two yellow rectangular video placeholders. ""SUBSCRIBE"" is prominently displayed in white at the bottom, followed by white social media icons for Instagram, Facebook, and Twitter. This is a static call-to-action screen, devoid of people or further narrative content.","**Main Activities:**
1. Chris Gardner arrives at the office, dressed in a casual outfit and explaining his presence.
2. A discussion about Gardner's background and qualities begins with colleagues expressing admiration for his earnestness and diligence.
3. The conversation shifts to Gardner’s recent arrest due to failure to pay parking tickets.
4. Colleagues discuss Gardner’s determination and intelligence, noting he has been seen multiple times at the office.
5. Gardner shares a story about being first in class during school days and in military training.
6. The video ends with a humorous exchange where Jay offers to fill Gardner's spot for an interview.

**Speakers:**
- SPEAKER_00: Chris Gardner
- SPEAKER_01: Jay (a colleague)
- SPEAKER_02: Mr. Twistle (likely another colleague)

**Visual Events:**
- [5.32s - 16.3s] OSS-VLM shows a man with short, dark hair and a mustache in a professional setting.
- [15.92s - 28.7s] A man standing in a room speaks or reacts to something off-camera.
- [26.56s - 48.8s] Two men seated at a conference table discuss, with one speaking and gesturing.
- [37.7s - 59.6s] A man stands in a modern office setting explaining his situation.
- [57.0s - 122.16s] Multiple scenes show three or more men engaged in discussions around tables.
- [143.40s - 180.9s] A man with a mustache, wearing a grey jacket, sits at a table and speaks to someone off-camera.
- [175.28s - 217.76s] Scenes show men in suits speaking or listening attentively.
- [249.64s - 255.0s] The video transitions to a static end screen with the ""Binge Society"" logo.

The emotional and comedic turning points are evident when Jay mentions that Gardner was arrested for failure to pay parking tickets, which shifts the mood from professional admiration to humor:

- [57.0s - 63.4s]
SPEAKER_01: And I ran all the way here from the Polk station, the police station.
SPEAKER_02: Chris, what would you say if a guy walked in for an interview without a shirt on?
- [185.9s - 232.5s]
SPEAKER_02: Chris, I don't know how you did it dressed as a garbage man, but you really pulled it off in there.
SPEAKER_02: You are a piece of work.

The video ends visually with the static end screen featuring the vibrant pink background and ""Binge Society"" logo.","This video features a memorable scene from the movie ""The Pursuit of Happyness.""

**Main Activities:**
The central activity is a job interview. Chris Gardner (played by Will Smith), dressed casually, arrives for an interview with several men in suits. He explains his appearance by confessing to being arrested for unpaid parking tickets. He then proceeds to answer questions about his determination and intellect, trying to impress the interviewers.

**Speakers:**
*   **Chris Gardner (Will Smith):** He is the main speaker, explaining his situation and answering questions with a mix of sincerity, wit, and determination. He acknowledges his less-than-ideal appearance and shares personal anecdotes to demonstrate his qualities.
*   **Interviewers:** There are four interviewers, dressed in suits. Two of them, particularly an older gentleman with white hair and a younger man with a patterned tie, actively question Chris. They initially appear skeptical but seem increasingly impressed by his responses.

**Visual Events:**
*   **Chris's Entrance:** Chris initially appears disheveled, running into the busy office area. He is visibly out of place among the smartly dressed professionals.
*   **The Interview Setting:** The interview takes place in a modern, well-lit office with large windows overlooking a city skyline. The interviewers are seated at a long, polished table.
*   **Chris's Demeanor:** Despite his appearance and the challenging questions, Chris maintains eye contact, speaks clearly, and uses expressive hand gestures, conveying his earnestness and intelligence.
*   **Reactions of Interviewers:** The interviewers' expressions shift from initial skepticism and amusement to attentiveness and increasing admiration as Chris speaks. They exchange glances, indicating their assessment of him.
*   **Subtle Humor:** There's a subtle comedic element, particularly when Chris admits to being arrested for parking tickets and states he was painting his apartment, leading to a quick exchange about whether it's dry now.

In essence, the video captures a critical moment where Chris Gardner, against all odds and appearances, attempts to secure a life-changing opportunity through sheer determination and honesty during a high-stakes job interview.","Answer: The video starts with a man standing in a busy office, observing people working. He then walks into a conference room where several men are seated. He shakes hands with a man named Chris Gardner, who is dressed formally. They sit down, and the man explains that he was arrested for failing to pay parking tickets. He then begins to interview the seated men, asking them questions about their business and their interest in hiring him. The men seem skeptical but eventually agree to hire him. The man then enters a courtroom where a judge is seated. He addresses the judge and expresses his gratitude for the opportunity. The video ends with a call to action to subscribe to a YouTube channel called Binge Society.",0.1138305,0.0386295,0.0,0.24,0.060018400000000006,0.075201
217760.0,0.0,"The keyframe displays a man in a pinstripe suit, white shirt, and patterned tie, speaking with an earnest expression towards someone off-screen to his left. He is delivering the lines ""I swear, I will fill your spot. I promise."" as indicated by the subtitles. The setting appears to be an office building hallway or lobby with wooden finishes, and other blurry figures are visible in the background, suggesting a serious conversation is unfolding.","At 217.8 seconds, the scene shows a man in a suit and tie, likely a lawyer or businessman, speaking to another person whose back is facing the camera. The setting appears to be an office or courtroom, with wooden paneling and other individuals in the background. The man is making a solemn oath, saying, ""I swear, I will fill your spot. I promise."" His facial expression is serious and earnest, indicating a moment of commitment or assurance. The emotional tone is formal and serious, suggesting a professional or legal context.",0.0006885,"This video clip from ""The Pursuit of Happyness"" features Chris Gardner (Will Smith) attending a job interview with several executives, most notably Jay.

**Main Activities:**
1.  **Arrival and Explanation:** Chris, visibly sweaty and disheveled, rushes into the professional office and then into a conference room, where several suited men are waiting for his interview. He immediately addresses his appearance, confessing he was arrested for unpaid parking tickets and had to run from the police station after painting his apartment, thus appearing in his current state.
2.  **Interview Questions:** The interviewers probe Chris about his background, his determination (as vouched for by Jay), and his intelligence. Chris confidently asserts his ability to find answers even if he doesn't know them initially.
3.  **Humorous Exchange:** The lead interviewer, Jay, poses a hypothetical question: ""What would you say if a guy walked in for an interview without a shirt on... and I hired him?"" After a pause, Chris cleverly replies, ""He must've had on some really nice pants,"" which makes the entire panel erupt in laughter.
4.  **Job Offer Discussion:** After the interview, as Chris is leaving, Jay praises him for his performance despite his appearance and tells him he can call him Jay. Chris then, to Jay's surprise, says he'll ""let him know"" about the job. Chris clarifies his hesitation, revealing he was unaware the internship was unpaid, and he needs to ensure he can support himself.
5.  **Final Exchange:** A tense but humorous exchange follows where Jay emphasizes that if Chris backs out, he'll look bad to the partners. Chris finishes Jay's sentence with a bleeped expletive (""an ass***""), and Jay, though frustrated, ultimately calls Chris ""a piece of work"" with a smile, still pushing for a decision by ""tonight.""

**Speakers:**
*   **Chris Gardner (Will Smith):** The job applicant, who explains his situation, answers questions, and delivers witty remarks.
*   **Jay (the main interviewer):** A senior executive who leads the interview, asks pointed questions, and ultimately offers Chris the position.
*   **Other Executives:** Several other suited men are present on the interview panel, asking follow-up questions and reacting to Chris's responses.
*   **Female Assistant:** Briefly introduces Chris at the start.

**Visual Events:**
*   Chris's sweaty, worn appearance contrasts sharply with the sleek, professional office and the executives' crisp suits.
*   The camera frequently cuts between Chris's expressive face and the reactions (surprise, amusement, eventual admiration) of the interview panel.
*   The wide shots of the conference room emphasize the formality of the situation against Chris's informality.
*   The laughter from the panel after Chris's joke marks a turning point in the interview's tone.
*   The final close-ups of Chris and Jay show their direct, slightly confrontational, but ultimately respectful and humorous exchange.","The video details a pivotal job interview and its immediate aftermath, revolving around Chris Gardner's determined pursuit of a position as a stockbroker trainee despite challenging circumstances. The narrative unfolds through a series of intense dialogues and observations within a professional office environment.

**Main Activities:**
1.  Chris Gardner undergoes a high-stakes job interview for a stockbroker trainee position, explaining his unconventional attire.
2.  The interviewers question Chris about his background, determination, and ability to learn the business.
3.  A comedic exchange regarding a hypothetical interviewee without a shirt lightens the mood.
4.  Chris is informally offered the trainee position, leading to a moment of unexpected hesitation due to its unpaid nature.
5.  An intense discussion ensues between one of the interviewers and his colleague about securing Chris's acceptance.

**Speakers:**
*   **Speaker 1:** An interviewer, likely a partner or senior manager, who primarily questions Chris and later discusses Chris with Jay.
*   **Speaker 2:** Chris Gardner, the determined job applicant.
*   **Speaker 3:** Jay, another interviewer or colleague of Speaker 1, who initially vouches for Chris and later expresses concern about Chris accepting the offer.

**Visual Events:**
*   **0:00-15.91s:** The video opens with a man, presumably Chris Gardner, looking intense and sweating, possibly rushing or under duress. He is seen with dark, curly hair and a mustache, wearing a light-colored, open-collared shirt. The setting is a busy office or professional environment with blurred figures in the background. The visual establishes a sense of urgency before the interview truly begins.
*   **15.92-26.55s:** Chris Gardner, now appearing more composed but still earnest, is visible from the chest up, moving towards the right against a backdrop of vertical grey panels, dressed in a grey jacket over a white undershirt. This transitions into a key scene where three men in suits, including Chris, are seated around a conference table in a high-rise office with large windows overlooking a city skyline, setting a formal business tone for the interview.
*   **26.56-58.43s:** Chris, resembling Will Smith, is animated and speaking with an open-mouthed expression, dressed in his grey jacket and white tank top in what appears to be a modern office. He gestures actively with both hands while explaining his situation to the group of five men in suits. The atmosphere is professional and serious, but Chris's energetic delivery adds a dynamic element. The interviewers listen with mostly neutral expressions.
*   **58.44-79.67s:** The scene remains focused on the interview within the modern office. The man on the left in a pinstripe suit reacts with a possibly surprised expression, aligning with his dialogue. An older man in a dark suit sits beside him, attentive. The keyframes continue to show the men in their formal setting, with Chris maintaining an earnest and focused demeanor as he answers questions.
*   **79.68-122.15s:** The interview continues, with Chris maintaining a serious expression as he looks towards the interviewers. The back of a person with white hair is visible in the foreground, opposite Chris, indicating an ongoing conversation. One of the interviewers, an older man with white hair, looks down at a document, asking questions about Chris's academic background. Chris's hands are clasped on the table, showing his focus.
*   **122.16-175.27s:** Chris, with a mustache and goatee, is visible from the chest up, maintaining a serious and earnest expression. The setting remains an office or interview room, with blurred figures and glass partitions in the background. His hands are clasped on the table. A comedic turning point occurs at this stage. Speaker 1 asks, ""Chris, what would you say if a guy walked in for an interview without a shirt on? And I hired him, what would you say?"" Chris, after a deliberate pause, delivers the humorous line, ""He must have had on some really nice pants,"" changing the mood from serious to lighthearted and eliciting an audible reaction (""Oh."") from Speaker 3 (Jay). Chris is then seen with a slight smile or smirk, looking confident.
*   **175.28-249.63s:** Following the interview, Chris, wearing his grey jacket, is seen with a slight smile, looking towards an out-of-focus person. Jay (Speaker 3) praises Chris: ""I don't know how you did it dressed as a garbage man, but you really pulled it off in there."" Chris thanks him, and Jay tells him to call him by his first name. Speaker 1 then attempts to informally offer Chris the position, saying, ""All right, we'll talk to you soon."" Chris misunderstands, replying, ""I'll let you know, Jay."" Speaker 1 clarifies, ""You'll you'll let me know, Jay."" Chris, confused, asks, ""What do you mean?"" Speaker 1 says, ""Yeah, I'll I'll give you a call tomorrow sometime and,"" but then immediately states, ""Listen. There's no salary."" This is a significant emotional turning point, as Chris's face shifts to a pensive, furrowed expression, and he expresses concern: ""No. I was not aware of that. My circumstances have changed some and I I need to be certain that I'll be able to Okay. Okay."" The scene shifts to Speaker 1 in a pinstripe suit, earnestly speaking in what appears to be a hallway, discussing Chris with Jay. Speaker 1 stresses, ""Tonight, I swear I will fill your spot. I promise."" Jay then expresses his frustration, warning Speaker 1 about the partners' perception if Chris backs out: ""You don't look like if you back out, you know what I'll look like to the partners?"" Speaker 1 responds directly, ""Yes, an ass."" Jay confirms, ""Yeah, an ass. All the way."" Jay concludes, ""You are a piece of work,"" emphasizing the intensity of the situation. The visual shows Speaker 1 with a serious and direct expression, facing the camera, while Jay's back is visible. Speaker 1's final word in the transcript is ""Tonight.""
*   **249.64-255.0s (End):** The video concludes visually with a brightly colored end screen graphic featuring a hot pink background. A white ""BINGE SOCIETY"" logo, resembling a film clapperboard, is in the upper center, flanked by two yellow rectangular video placeholders. ""SUBSCRIBE"" is prominently displayed in white at the bottom, followed by white social media icons for Instagram, Facebook, and Twitter. This is a static call-to-action screen, devoid of people or further narrative content.","**Main Activities:**
1. Chris Gardner arrives at the office, dressed in a casual outfit and explaining his presence.
2. A discussion about Gardner's background and qualities begins with colleagues expressing admiration for his earnestness and diligence.
3. The conversation shifts to Gardner’s recent arrest due to failure to pay parking tickets.
4. Colleagues discuss Gardner’s determination and intelligence, noting he has been seen multiple times at the office.
5. Gardner shares a story about being first in class during school days and in military training.
6. The video ends with a humorous exchange where Jay offers to fill Gardner's spot for an interview.

**Speakers:**
- SPEAKER_00: Chris Gardner
- SPEAKER_01: Jay (a colleague)
- SPEAKER_02: Mr. Twistle (likely another colleague)

**Visual Events:**
- [5.32s - 16.3s] OSS-VLM shows a man with short, dark hair and a mustache in a professional setting.
- [15.92s - 28.7s] A man standing in a room speaks or reacts to something off-camera.
- [26.56s - 48.8s] Two men seated at a conference table discuss, with one speaking and gesturing.
- [37.7s - 59.6s] A man stands in a modern office setting explaining his situation.
- [57.0s - 122.16s] Multiple scenes show three or more men engaged in discussions around tables.
- [143.40s - 180.9s] A man with a mustache, wearing a grey jacket, sits at a table and speaks to someone off-camera.
- [175.28s - 217.76s] Scenes show men in suits speaking or listening attentively.
- [249.64s - 255.0s] The video transitions to a static end screen with the ""Binge Society"" logo.

The emotional and comedic turning points are evident when Jay mentions that Gardner was arrested for failure to pay parking tickets, which shifts the mood from professional admiration to humor:

- [57.0s - 63.4s]
SPEAKER_01: And I ran all the way here from the Polk station, the police station.
SPEAKER_02: Chris, what would you say if a guy walked in for an interview without a shirt on?
- [185.9s - 232.5s]
SPEAKER_02: Chris, I don't know how you did it dressed as a garbage man, but you really pulled it off in there.
SPEAKER_02: You are a piece of work.

The video ends visually with the static end screen featuring the vibrant pink background and ""Binge Society"" logo.","This video features a memorable scene from the movie ""The Pursuit of Happyness.""

**Main Activities:**
The central activity is a job interview. Chris Gardner (played by Will Smith), dressed casually, arrives for an interview with several men in suits. He explains his appearance by confessing to being arrested for unpaid parking tickets. He then proceeds to answer questions about his determination and intellect, trying to impress the interviewers.

**Speakers:**
*   **Chris Gardner (Will Smith):** He is the main speaker, explaining his situation and answering questions with a mix of sincerity, wit, and determination. He acknowledges his less-than-ideal appearance and shares personal anecdotes to demonstrate his qualities.
*   **Interviewers:** There are four interviewers, dressed in suits. Two of them, particularly an older gentleman with white hair and a younger man with a patterned tie, actively question Chris. They initially appear skeptical but seem increasingly impressed by his responses.

**Visual Events:**
*   **Chris's Entrance:** Chris initially appears disheveled, running into the busy office area. He is visibly out of place among the smartly dressed professionals.
*   **The Interview Setting:** The interview takes place in a modern, well-lit office with large windows overlooking a city skyline. The interviewers are seated at a long, polished table.
*   **Chris's Demeanor:** Despite his appearance and the challenging questions, Chris maintains eye contact, speaks clearly, and uses expressive hand gestures, conveying his earnestness and intelligence.
*   **Reactions of Interviewers:** The interviewers' expressions shift from initial skepticism and amusement to attentiveness and increasing admiration as Chris speaks. They exchange glances, indicating their assessment of him.
*   **Subtle Humor:** There's a subtle comedic element, particularly when Chris admits to being arrested for parking tickets and states he was painting his apartment, leading to a quick exchange about whether it's dry now.

In essence, the video captures a critical moment where Chris Gardner, against all odds and appearances, attempts to secure a life-changing opportunity through sheer determination and honesty during a high-stakes job interview.","Answer: The video starts with a man standing in a busy office, observing people working. He then walks into a conference room where several men are seated. He shakes hands with a man named Chris Gardner, who is dressed formally. They sit down, and the man explains that he was arrested for failing to pay parking tickets. He then begins to interview the seated men, asking them questions about their business and their interest in hiring him. The men seem skeptical but eventually agree to hire him. The man then enters a courtroom where a judge is seated. He addresses the judge and expresses his gratitude for the opportunity. The video ends with a call to action to subscribe to a YouTube channel called Binge Society.",0.1138305,0.0386295,0.0,0.24,0.060018400000000006,0.075201
228400.0,0.0,"This keyframe shows two men in an indoor setting, possibly a hallway or office, with wooden paneling in the background. A man in a pinstripe suit and tie faces the camera, appearing to speak with a serious and direct expression, while another man's back is visible in the foreground, facing away. Subtitles read, ""Yeah, an ass A***e, all the way,"" indicating a frank and possibly critical conversation, and a ""BINGE SOCIETY"" logo is visible in the top left corner.","At 228.4 seconds, the keyframe shows a man in a suit and tie, with his back to the camera, speaking to another person whose back is also to the camera. The setting appears to be an office or a formal meeting room, with wooden paneling and other people in the background. The man in the suit is expressing frustration or anger, as indicated by his facial expression and the use of profanity. The tone of the conversation seems to be serious and possibly confrontational.",0.0007124999999999999,"This video clip from ""The Pursuit of Happyness"" features Chris Gardner (Will Smith) attending a job interview with several executives, most notably Jay.

**Main Activities:**
1.  **Arrival and Explanation:** Chris, visibly sweaty and disheveled, rushes into the professional office and then into a conference room, where several suited men are waiting for his interview. He immediately addresses his appearance, confessing he was arrested for unpaid parking tickets and had to run from the police station after painting his apartment, thus appearing in his current state.
2.  **Interview Questions:** The interviewers probe Chris about his background, his determination (as vouched for by Jay), and his intelligence. Chris confidently asserts his ability to find answers even if he doesn't know them initially.
3.  **Humorous Exchange:** The lead interviewer, Jay, poses a hypothetical question: ""What would you say if a guy walked in for an interview without a shirt on... and I hired him?"" After a pause, Chris cleverly replies, ""He must've had on some really nice pants,"" which makes the entire panel erupt in laughter.
4.  **Job Offer Discussion:** After the interview, as Chris is leaving, Jay praises him for his performance despite his appearance and tells him he can call him Jay. Chris then, to Jay's surprise, says he'll ""let him know"" about the job. Chris clarifies his hesitation, revealing he was unaware the internship was unpaid, and he needs to ensure he can support himself.
5.  **Final Exchange:** A tense but humorous exchange follows where Jay emphasizes that if Chris backs out, he'll look bad to the partners. Chris finishes Jay's sentence with a bleeped expletive (""an ass***""), and Jay, though frustrated, ultimately calls Chris ""a piece of work"" with a smile, still pushing for a decision by ""tonight.""

**Speakers:**
*   **Chris Gardner (Will Smith):** The job applicant, who explains his situation, answers questions, and delivers witty remarks.
*   **Jay (the main interviewer):** A senior executive who leads the interview, asks pointed questions, and ultimately offers Chris the position.
*   **Other Executives:** Several other suited men are present on the interview panel, asking follow-up questions and reacting to Chris's responses.
*   **Female Assistant:** Briefly introduces Chris at the start.

**Visual Events:**
*   Chris's sweaty, worn appearance contrasts sharply with the sleek, professional office and the executives' crisp suits.
*   The camera frequently cuts between Chris's expressive face and the reactions (surprise, amusement, eventual admiration) of the interview panel.
*   The wide shots of the conference room emphasize the formality of the situation against Chris's informality.
*   The laughter from the panel after Chris's joke marks a turning point in the interview's tone.
*   The final close-ups of Chris and Jay show their direct, slightly confrontational, but ultimately respectful and humorous exchange.","The video details a pivotal job interview and its immediate aftermath, revolving around Chris Gardner's determined pursuit of a position as a stockbroker trainee despite challenging circumstances. The narrative unfolds through a series of intense dialogues and observations within a professional office environment.

**Main Activities:**
1.  Chris Gardner undergoes a high-stakes job interview for a stockbroker trainee position, explaining his unconventional attire.
2.  The interviewers question Chris about his background, determination, and ability to learn the business.
3.  A comedic exchange regarding a hypothetical interviewee without a shirt lightens the mood.
4.  Chris is informally offered the trainee position, leading to a moment of unexpected hesitation due to its unpaid nature.
5.  An intense discussion ensues between one of the interviewers and his colleague about securing Chris's acceptance.

**Speakers:**
*   **Speaker 1:** An interviewer, likely a partner or senior manager, who primarily questions Chris and later discusses Chris with Jay.
*   **Speaker 2:** Chris Gardner, the determined job applicant.
*   **Speaker 3:** Jay, another interviewer or colleague of Speaker 1, who initially vouches for Chris and later expresses concern about Chris accepting the offer.

**Visual Events:**
*   **0:00-15.91s:** The video opens with a man, presumably Chris Gardner, looking intense and sweating, possibly rushing or under duress. He is seen with dark, curly hair and a mustache, wearing a light-colored, open-collared shirt. The setting is a busy office or professional environment with blurred figures in the background. The visual establishes a sense of urgency before the interview truly begins.
*   **15.92-26.55s:** Chris Gardner, now appearing more composed but still earnest, is visible from the chest up, moving towards the right against a backdrop of vertical grey panels, dressed in a grey jacket over a white undershirt. This transitions into a key scene where three men in suits, including Chris, are seated around a conference table in a high-rise office with large windows overlooking a city skyline, setting a formal business tone for the interview.
*   **26.56-58.43s:** Chris, resembling Will Smith, is animated and speaking with an open-mouthed expression, dressed in his grey jacket and white tank top in what appears to be a modern office. He gestures actively with both hands while explaining his situation to the group of five men in suits. The atmosphere is professional and serious, but Chris's energetic delivery adds a dynamic element. The interviewers listen with mostly neutral expressions.
*   **58.44-79.67s:** The scene remains focused on the interview within the modern office. The man on the left in a pinstripe suit reacts with a possibly surprised expression, aligning with his dialogue. An older man in a dark suit sits beside him, attentive. The keyframes continue to show the men in their formal setting, with Chris maintaining an earnest and focused demeanor as he answers questions.
*   **79.68-122.15s:** The interview continues, with Chris maintaining a serious expression as he looks towards the interviewers. The back of a person with white hair is visible in the foreground, opposite Chris, indicating an ongoing conversation. One of the interviewers, an older man with white hair, looks down at a document, asking questions about Chris's academic background. Chris's hands are clasped on the table, showing his focus.
*   **122.16-175.27s:** Chris, with a mustache and goatee, is visible from the chest up, maintaining a serious and earnest expression. The setting remains an office or interview room, with blurred figures and glass partitions in the background. His hands are clasped on the table. A comedic turning point occurs at this stage. Speaker 1 asks, ""Chris, what would you say if a guy walked in for an interview without a shirt on? And I hired him, what would you say?"" Chris, after a deliberate pause, delivers the humorous line, ""He must have had on some really nice pants,"" changing the mood from serious to lighthearted and eliciting an audible reaction (""Oh."") from Speaker 3 (Jay). Chris is then seen with a slight smile or smirk, looking confident.
*   **175.28-249.63s:** Following the interview, Chris, wearing his grey jacket, is seen with a slight smile, looking towards an out-of-focus person. Jay (Speaker 3) praises Chris: ""I don't know how you did it dressed as a garbage man, but you really pulled it off in there."" Chris thanks him, and Jay tells him to call him by his first name. Speaker 1 then attempts to informally offer Chris the position, saying, ""All right, we'll talk to you soon."" Chris misunderstands, replying, ""I'll let you know, Jay."" Speaker 1 clarifies, ""You'll you'll let me know, Jay."" Chris, confused, asks, ""What do you mean?"" Speaker 1 says, ""Yeah, I'll I'll give you a call tomorrow sometime and,"" but then immediately states, ""Listen. There's no salary."" This is a significant emotional turning point, as Chris's face shifts to a pensive, furrowed expression, and he expresses concern: ""No. I was not aware of that. My circumstances have changed some and I I need to be certain that I'll be able to Okay. Okay."" The scene shifts to Speaker 1 in a pinstripe suit, earnestly speaking in what appears to be a hallway, discussing Chris with Jay. Speaker 1 stresses, ""Tonight, I swear I will fill your spot. I promise."" Jay then expresses his frustration, warning Speaker 1 about the partners' perception if Chris backs out: ""You don't look like if you back out, you know what I'll look like to the partners?"" Speaker 1 responds directly, ""Yes, an ass."" Jay confirms, ""Yeah, an ass. All the way."" Jay concludes, ""You are a piece of work,"" emphasizing the intensity of the situation. The visual shows Speaker 1 with a serious and direct expression, facing the camera, while Jay's back is visible. Speaker 1's final word in the transcript is ""Tonight.""
*   **249.64-255.0s (End):** The video concludes visually with a brightly colored end screen graphic featuring a hot pink background. A white ""BINGE SOCIETY"" logo, resembling a film clapperboard, is in the upper center, flanked by two yellow rectangular video placeholders. ""SUBSCRIBE"" is prominently displayed in white at the bottom, followed by white social media icons for Instagram, Facebook, and Twitter. This is a static call-to-action screen, devoid of people or further narrative content.","**Main Activities:**
1. Chris Gardner arrives at the office, dressed in a casual outfit and explaining his presence.
2. A discussion about Gardner's background and qualities begins with colleagues expressing admiration for his earnestness and diligence.
3. The conversation shifts to Gardner’s recent arrest due to failure to pay parking tickets.
4. Colleagues discuss Gardner’s determination and intelligence, noting he has been seen multiple times at the office.
5. Gardner shares a story about being first in class during school days and in military training.
6. The video ends with a humorous exchange where Jay offers to fill Gardner's spot for an interview.

**Speakers:**
- SPEAKER_00: Chris Gardner
- SPEAKER_01: Jay (a colleague)
- SPEAKER_02: Mr. Twistle (likely another colleague)

**Visual Events:**
- [5.32s - 16.3s] OSS-VLM shows a man with short, dark hair and a mustache in a professional setting.
- [15.92s - 28.7s] A man standing in a room speaks or reacts to something off-camera.
- [26.56s - 48.8s] Two men seated at a conference table discuss, with one speaking and gesturing.
- [37.7s - 59.6s] A man stands in a modern office setting explaining his situation.
- [57.0s - 122.16s] Multiple scenes show three or more men engaged in discussions around tables.
- [143.40s - 180.9s] A man with a mustache, wearing a grey jacket, sits at a table and speaks to someone off-camera.
- [175.28s - 217.76s] Scenes show men in suits speaking or listening attentively.
- [249.64s - 255.0s] The video transitions to a static end screen with the ""Binge Society"" logo.

The emotional and comedic turning points are evident when Jay mentions that Gardner was arrested for failure to pay parking tickets, which shifts the mood from professional admiration to humor:

- [57.0s - 63.4s]
SPEAKER_01: And I ran all the way here from the Polk station, the police station.
SPEAKER_02: Chris, what would you say if a guy walked in for an interview without a shirt on?
- [185.9s - 232.5s]
SPEAKER_02: Chris, I don't know how you did it dressed as a garbage man, but you really pulled it off in there.
SPEAKER_02: You are a piece of work.

The video ends visually with the static end screen featuring the vibrant pink background and ""Binge Society"" logo.","This video features a memorable scene from the movie ""The Pursuit of Happyness.""

**Main Activities:**
The central activity is a job interview. Chris Gardner (played by Will Smith), dressed casually, arrives for an interview with several men in suits. He explains his appearance by confessing to being arrested for unpaid parking tickets. He then proceeds to answer questions about his determination and intellect, trying to impress the interviewers.

**Speakers:**
*   **Chris Gardner (Will Smith):** He is the main speaker, explaining his situation and answering questions with a mix of sincerity, wit, and determination. He acknowledges his less-than-ideal appearance and shares personal anecdotes to demonstrate his qualities.
*   **Interviewers:** There are four interviewers, dressed in suits. Two of them, particularly an older gentleman with white hair and a younger man with a patterned tie, actively question Chris. They initially appear skeptical but seem increasingly impressed by his responses.

**Visual Events:**
*   **Chris's Entrance:** Chris initially appears disheveled, running into the busy office area. He is visibly out of place among the smartly dressed professionals.
*   **The Interview Setting:** The interview takes place in a modern, well-lit office with large windows overlooking a city skyline. The interviewers are seated at a long, polished table.
*   **Chris's Demeanor:** Despite his appearance and the challenging questions, Chris maintains eye contact, speaks clearly, and uses expressive hand gestures, conveying his earnestness and intelligence.
*   **Reactions of Interviewers:** The interviewers' expressions shift from initial skepticism and amusement to attentiveness and increasing admiration as Chris speaks. They exchange glances, indicating their assessment of him.
*   **Subtle Humor:** There's a subtle comedic element, particularly when Chris admits to being arrested for parking tickets and states he was painting his apartment, leading to a quick exchange about whether it's dry now.

In essence, the video captures a critical moment where Chris Gardner, against all odds and appearances, attempts to secure a life-changing opportunity through sheer determination and honesty during a high-stakes job interview.","Answer: The video starts with a man standing in a busy office, observing people working. He then walks into a conference room where several men are seated. He shakes hands with a man named Chris Gardner, who is dressed formally. They sit down, and the man explains that he was arrested for failing to pay parking tickets. He then begins to interview the seated men, asking them questions about their business and their interest in hiring him. The men seem skeptical but eventually agree to hire him. The man then enters a courtroom where a judge is seated. He addresses the judge and expresses his gratitude for the opportunity. The video ends with a call to action to subscribe to a YouTube channel called Binge Society.",0.1138305,0.0386295,0.0,0.24,0.060018400000000006,0.075201
239040.0,0.0,"This keyframe displays a brightly colored end screen or outro graphic, featuring a hot pink background with yellow rectangular placeholder boxes. At the top, a white logo for ""BINGE SOCIETY"" is visible, along with a prominent ""SUBSCRIBE"" call to action in white text at the bottom. The screen also includes white social media icons for Instagram, Facebook, and Twitter.","At 239.0 seconds, the video transitions to a static screen with a vibrant pink background. The Binge Society logo is prominently displayed at the top center, flanked by two yellow rectangles, likely placeholders for video content. Below the logo, the word ""SUBSCRIBE"" is written in bold white letters, accompanied by icons for Instagram, Facebook, and Twitter, encouraging viewers to follow the channel on these platforms. The overall tone is promotional, aiming to engage the audience and direct them to additional content or social media.",0.0006659999999999999,"This video clip from ""The Pursuit of Happyness"" features Chris Gardner (Will Smith) attending a job interview with several executives, most notably Jay.

**Main Activities:**
1.  **Arrival and Explanation:** Chris, visibly sweaty and disheveled, rushes into the professional office and then into a conference room, where several suited men are waiting for his interview. He immediately addresses his appearance, confessing he was arrested for unpaid parking tickets and had to run from the police station after painting his apartment, thus appearing in his current state.
2.  **Interview Questions:** The interviewers probe Chris about his background, his determination (as vouched for by Jay), and his intelligence. Chris confidently asserts his ability to find answers even if he doesn't know them initially.
3.  **Humorous Exchange:** The lead interviewer, Jay, poses a hypothetical question: ""What would you say if a guy walked in for an interview without a shirt on... and I hired him?"" After a pause, Chris cleverly replies, ""He must've had on some really nice pants,"" which makes the entire panel erupt in laughter.
4.  **Job Offer Discussion:** After the interview, as Chris is leaving, Jay praises him for his performance despite his appearance and tells him he can call him Jay. Chris then, to Jay's surprise, says he'll ""let him know"" about the job. Chris clarifies his hesitation, revealing he was unaware the internship was unpaid, and he needs to ensure he can support himself.
5.  **Final Exchange:** A tense but humorous exchange follows where Jay emphasizes that if Chris backs out, he'll look bad to the partners. Chris finishes Jay's sentence with a bleeped expletive (""an ass***""), and Jay, though frustrated, ultimately calls Chris ""a piece of work"" with a smile, still pushing for a decision by ""tonight.""

**Speakers:**
*   **Chris Gardner (Will Smith):** The job applicant, who explains his situation, answers questions, and delivers witty remarks.
*   **Jay (the main interviewer):** A senior executive who leads the interview, asks pointed questions, and ultimately offers Chris the position.
*   **Other Executives:** Several other suited men are present on the interview panel, asking follow-up questions and reacting to Chris's responses.
*   **Female Assistant:** Briefly introduces Chris at the start.

**Visual Events:**
*   Chris's sweaty, worn appearance contrasts sharply with the sleek, professional office and the executives' crisp suits.
*   The camera frequently cuts between Chris's expressive face and the reactions (surprise, amusement, eventual admiration) of the interview panel.
*   The wide shots of the conference room emphasize the formality of the situation against Chris's informality.
*   The laughter from the panel after Chris's joke marks a turning point in the interview's tone.
*   The final close-ups of Chris and Jay show their direct, slightly confrontational, but ultimately respectful and humorous exchange.","The video details a pivotal job interview and its immediate aftermath, revolving around Chris Gardner's determined pursuit of a position as a stockbroker trainee despite challenging circumstances. The narrative unfolds through a series of intense dialogues and observations within a professional office environment.

**Main Activities:**
1.  Chris Gardner undergoes a high-stakes job interview for a stockbroker trainee position, explaining his unconventional attire.
2.  The interviewers question Chris about his background, determination, and ability to learn the business.
3.  A comedic exchange regarding a hypothetical interviewee without a shirt lightens the mood.
4.  Chris is informally offered the trainee position, leading to a moment of unexpected hesitation due to its unpaid nature.
5.  An intense discussion ensues between one of the interviewers and his colleague about securing Chris's acceptance.

**Speakers:**
*   **Speaker 1:** An interviewer, likely a partner or senior manager, who primarily questions Chris and later discusses Chris with Jay.
*   **Speaker 2:** Chris Gardner, the determined job applicant.
*   **Speaker 3:** Jay, another interviewer or colleague of Speaker 1, who initially vouches for Chris and later expresses concern about Chris accepting the offer.

**Visual Events:**
*   **0:00-15.91s:** The video opens with a man, presumably Chris Gardner, looking intense and sweating, possibly rushing or under duress. He is seen with dark, curly hair and a mustache, wearing a light-colored, open-collared shirt. The setting is a busy office or professional environment with blurred figures in the background. The visual establishes a sense of urgency before the interview truly begins.
*   **15.92-26.55s:** Chris Gardner, now appearing more composed but still earnest, is visible from the chest up, moving towards the right against a backdrop of vertical grey panels, dressed in a grey jacket over a white undershirt. This transitions into a key scene where three men in suits, including Chris, are seated around a conference table in a high-rise office with large windows overlooking a city skyline, setting a formal business tone for the interview.
*   **26.56-58.43s:** Chris, resembling Will Smith, is animated and speaking with an open-mouthed expression, dressed in his grey jacket and white tank top in what appears to be a modern office. He gestures actively with both hands while explaining his situation to the group of five men in suits. The atmosphere is professional and serious, but Chris's energetic delivery adds a dynamic element. The interviewers listen with mostly neutral expressions.
*   **58.44-79.67s:** The scene remains focused on the interview within the modern office. The man on the left in a pinstripe suit reacts with a possibly surprised expression, aligning with his dialogue. An older man in a dark suit sits beside him, attentive. The keyframes continue to show the men in their formal setting, with Chris maintaining an earnest and focused demeanor as he answers questions.
*   **79.68-122.15s:** The interview continues, with Chris maintaining a serious expression as he looks towards the interviewers. The back of a person with white hair is visible in the foreground, opposite Chris, indicating an ongoing conversation. One of the interviewers, an older man with white hair, looks down at a document, asking questions about Chris's academic background. Chris's hands are clasped on the table, showing his focus.
*   **122.16-175.27s:** Chris, with a mustache and goatee, is visible from the chest up, maintaining a serious and earnest expression. The setting remains an office or interview room, with blurred figures and glass partitions in the background. His hands are clasped on the table. A comedic turning point occurs at this stage. Speaker 1 asks, ""Chris, what would you say if a guy walked in for an interview without a shirt on? And I hired him, what would you say?"" Chris, after a deliberate pause, delivers the humorous line, ""He must have had on some really nice pants,"" changing the mood from serious to lighthearted and eliciting an audible reaction (""Oh."") from Speaker 3 (Jay). Chris is then seen with a slight smile or smirk, looking confident.
*   **175.28-249.63s:** Following the interview, Chris, wearing his grey jacket, is seen with a slight smile, looking towards an out-of-focus person. Jay (Speaker 3) praises Chris: ""I don't know how you did it dressed as a garbage man, but you really pulled it off in there."" Chris thanks him, and Jay tells him to call him by his first name. Speaker 1 then attempts to informally offer Chris the position, saying, ""All right, we'll talk to you soon."" Chris misunderstands, replying, ""I'll let you know, Jay."" Speaker 1 clarifies, ""You'll you'll let me know, Jay."" Chris, confused, asks, ""What do you mean?"" Speaker 1 says, ""Yeah, I'll I'll give you a call tomorrow sometime and,"" but then immediately states, ""Listen. There's no salary."" This is a significant emotional turning point, as Chris's face shifts to a pensive, furrowed expression, and he expresses concern: ""No. I was not aware of that. My circumstances have changed some and I I need to be certain that I'll be able to Okay. Okay."" The scene shifts to Speaker 1 in a pinstripe suit, earnestly speaking in what appears to be a hallway, discussing Chris with Jay. Speaker 1 stresses, ""Tonight, I swear I will fill your spot. I promise."" Jay then expresses his frustration, warning Speaker 1 about the partners' perception if Chris backs out: ""You don't look like if you back out, you know what I'll look like to the partners?"" Speaker 1 responds directly, ""Yes, an ass."" Jay confirms, ""Yeah, an ass. All the way."" Jay concludes, ""You are a piece of work,"" emphasizing the intensity of the situation. The visual shows Speaker 1 with a serious and direct expression, facing the camera, while Jay's back is visible. Speaker 1's final word in the transcript is ""Tonight.""
*   **249.64-255.0s (End):** The video concludes visually with a brightly colored end screen graphic featuring a hot pink background. A white ""BINGE SOCIETY"" logo, resembling a film clapperboard, is in the upper center, flanked by two yellow rectangular video placeholders. ""SUBSCRIBE"" is prominently displayed in white at the bottom, followed by white social media icons for Instagram, Facebook, and Twitter. This is a static call-to-action screen, devoid of people or further narrative content.","**Main Activities:**
1. Chris Gardner arrives at the office, dressed in a casual outfit and explaining his presence.
2. A discussion about Gardner's background and qualities begins with colleagues expressing admiration for his earnestness and diligence.
3. The conversation shifts to Gardner’s recent arrest due to failure to pay parking tickets.
4. Colleagues discuss Gardner’s determination and intelligence, noting he has been seen multiple times at the office.
5. Gardner shares a story about being first in class during school days and in military training.
6. The video ends with a humorous exchange where Jay offers to fill Gardner's spot for an interview.

**Speakers:**
- SPEAKER_00: Chris Gardner
- SPEAKER_01: Jay (a colleague)
- SPEAKER_02: Mr. Twistle (likely another colleague)

**Visual Events:**
- [5.32s - 16.3s] OSS-VLM shows a man with short, dark hair and a mustache in a professional setting.
- [15.92s - 28.7s] A man standing in a room speaks or reacts to something off-camera.
- [26.56s - 48.8s] Two men seated at a conference table discuss, with one speaking and gesturing.
- [37.7s - 59.6s] A man stands in a modern office setting explaining his situation.
- [57.0s - 122.16s] Multiple scenes show three or more men engaged in discussions around tables.
- [143.40s - 180.9s] A man with a mustache, wearing a grey jacket, sits at a table and speaks to someone off-camera.
- [175.28s - 217.76s] Scenes show men in suits speaking or listening attentively.
- [249.64s - 255.0s] The video transitions to a static end screen with the ""Binge Society"" logo.

The emotional and comedic turning points are evident when Jay mentions that Gardner was arrested for failure to pay parking tickets, which shifts the mood from professional admiration to humor:

- [57.0s - 63.4s]
SPEAKER_01: And I ran all the way here from the Polk station, the police station.
SPEAKER_02: Chris, what would you say if a guy walked in for an interview without a shirt on?
- [185.9s - 232.5s]
SPEAKER_02: Chris, I don't know how you did it dressed as a garbage man, but you really pulled it off in there.
SPEAKER_02: You are a piece of work.

The video ends visually with the static end screen featuring the vibrant pink background and ""Binge Society"" logo.","This video features a memorable scene from the movie ""The Pursuit of Happyness.""

**Main Activities:**
The central activity is a job interview. Chris Gardner (played by Will Smith), dressed casually, arrives for an interview with several men in suits. He explains his appearance by confessing to being arrested for unpaid parking tickets. He then proceeds to answer questions about his determination and intellect, trying to impress the interviewers.

**Speakers:**
*   **Chris Gardner (Will Smith):** He is the main speaker, explaining his situation and answering questions with a mix of sincerity, wit, and determination. He acknowledges his less-than-ideal appearance and shares personal anecdotes to demonstrate his qualities.
*   **Interviewers:** There are four interviewers, dressed in suits. Two of them, particularly an older gentleman with white hair and a younger man with a patterned tie, actively question Chris. They initially appear skeptical but seem increasingly impressed by his responses.

**Visual Events:**
*   **Chris's Entrance:** Chris initially appears disheveled, running into the busy office area. He is visibly out of place among the smartly dressed professionals.
*   **The Interview Setting:** The interview takes place in a modern, well-lit office with large windows overlooking a city skyline. The interviewers are seated at a long, polished table.
*   **Chris's Demeanor:** Despite his appearance and the challenging questions, Chris maintains eye contact, speaks clearly, and uses expressive hand gestures, conveying his earnestness and intelligence.
*   **Reactions of Interviewers:** The interviewers' expressions shift from initial skepticism and amusement to attentiveness and increasing admiration as Chris speaks. They exchange glances, indicating their assessment of him.
*   **Subtle Humor:** There's a subtle comedic element, particularly when Chris admits to being arrested for parking tickets and states he was painting his apartment, leading to a quick exchange about whether it's dry now.

In essence, the video captures a critical moment where Chris Gardner, against all odds and appearances, attempts to secure a life-changing opportunity through sheer determination and honesty during a high-stakes job interview.","Answer: The video starts with a man standing in a busy office, observing people working. He then walks into a conference room where several men are seated. He shakes hands with a man named Chris Gardner, who is dressed formally. They sit down, and the man explains that he was arrested for failing to pay parking tickets. He then begins to interview the seated men, asking them questions about their business and their interest in hiring him. The men seem skeptical but eventually agree to hire him. The man then enters a courtroom where a judge is seated. He addresses the judge and expresses his gratitude for the opportunity. The video ends with a call to action to subscribe to a YouTube channel called Binge Society.",0.1138305,0.0386295,0.0,0.24,0.060018400000000006,0.075201
249640.0,0.0,"This keyframe displays a brightly colored end screen graphic with a solid hot pink background. In the upper center is a white logo resembling a film clapperboard with ""BINGE SOCIETY"" written beneath it, and two yellow rectangular placeholders for videos are positioned on either side below the logo. At the bottom, the word ""SUBSCRIBE"" is prominently displayed in white, followed by white social media icons for Instagram, Facebook, and Twitter. The frame is a static call-to-action screen, devoid of people, conversations, or specific emotional expressions, instead focusing on encouraging viewer engagement.","At 249.6 seconds, the video transitions to a static end screen. The background is a vibrant pink, and the top left corner features the ""Binge Society"" logo, which is a white clapperboard with the word ""Binge"" in red and ""Society"" in pink. Below the logo, there are two large yellow rectangles, likely placeholders for additional content or links. At the bottom center, the word ""SUBSCRIBE"" is prominently displayed in white, accompanied by icons for Instagram, Facebook, and Twitter, encouraging viewers to follow the channel on social media. The overall tone is promotional and engaging, designed to encourage viewer interaction and subscription.",0.0007304999999999999,"This video clip from ""The Pursuit of Happyness"" features Chris Gardner (Will Smith) attending a job interview with several executives, most notably Jay.

**Main Activities:**
1.  **Arrival and Explanation:** Chris, visibly sweaty and disheveled, rushes into the professional office and then into a conference room, where several suited men are waiting for his interview. He immediately addresses his appearance, confessing he was arrested for unpaid parking tickets and had to run from the police station after painting his apartment, thus appearing in his current state.
2.  **Interview Questions:** The interviewers probe Chris about his background, his determination (as vouched for by Jay), and his intelligence. Chris confidently asserts his ability to find answers even if he doesn't know them initially.
3.  **Humorous Exchange:** The lead interviewer, Jay, poses a hypothetical question: ""What would you say if a guy walked in for an interview without a shirt on... and I hired him?"" After a pause, Chris cleverly replies, ""He must've had on some really nice pants,"" which makes the entire panel erupt in laughter.
4.  **Job Offer Discussion:** After the interview, as Chris is leaving, Jay praises him for his performance despite his appearance and tells him he can call him Jay. Chris then, to Jay's surprise, says he'll ""let him know"" about the job. Chris clarifies his hesitation, revealing he was unaware the internship was unpaid, and he needs to ensure he can support himself.
5.  **Final Exchange:** A tense but humorous exchange follows where Jay emphasizes that if Chris backs out, he'll look bad to the partners. Chris finishes Jay's sentence with a bleeped expletive (""an ass***""), and Jay, though frustrated, ultimately calls Chris ""a piece of work"" with a smile, still pushing for a decision by ""tonight.""

**Speakers:**
*   **Chris Gardner (Will Smith):** The job applicant, who explains his situation, answers questions, and delivers witty remarks.
*   **Jay (the main interviewer):** A senior executive who leads the interview, asks pointed questions, and ultimately offers Chris the position.
*   **Other Executives:** Several other suited men are present on the interview panel, asking follow-up questions and reacting to Chris's responses.
*   **Female Assistant:** Briefly introduces Chris at the start.

**Visual Events:**
*   Chris's sweaty, worn appearance contrasts sharply with the sleek, professional office and the executives' crisp suits.
*   The camera frequently cuts between Chris's expressive face and the reactions (surprise, amusement, eventual admiration) of the interview panel.
*   The wide shots of the conference room emphasize the formality of the situation against Chris's informality.
*   The laughter from the panel after Chris's joke marks a turning point in the interview's tone.
*   The final close-ups of Chris and Jay show their direct, slightly confrontational, but ultimately respectful and humorous exchange.","The video details a pivotal job interview and its immediate aftermath, revolving around Chris Gardner's determined pursuit of a position as a stockbroker trainee despite challenging circumstances. The narrative unfolds through a series of intense dialogues and observations within a professional office environment.

**Main Activities:**
1.  Chris Gardner undergoes a high-stakes job interview for a stockbroker trainee position, explaining his unconventional attire.
2.  The interviewers question Chris about his background, determination, and ability to learn the business.
3.  A comedic exchange regarding a hypothetical interviewee without a shirt lightens the mood.
4.  Chris is informally offered the trainee position, leading to a moment of unexpected hesitation due to its unpaid nature.
5.  An intense discussion ensues between one of the interviewers and his colleague about securing Chris's acceptance.

**Speakers:**
*   **Speaker 1:** An interviewer, likely a partner or senior manager, who primarily questions Chris and later discusses Chris with Jay.
*   **Speaker 2:** Chris Gardner, the determined job applicant.
*   **Speaker 3:** Jay, another interviewer or colleague of Speaker 1, who initially vouches for Chris and later expresses concern about Chris accepting the offer.

**Visual Events:**
*   **0:00-15.91s:** The video opens with a man, presumably Chris Gardner, looking intense and sweating, possibly rushing or under duress. He is seen with dark, curly hair and a mustache, wearing a light-colored, open-collared shirt. The setting is a busy office or professional environment with blurred figures in the background. The visual establishes a sense of urgency before the interview truly begins.
*   **15.92-26.55s:** Chris Gardner, now appearing more composed but still earnest, is visible from the chest up, moving towards the right against a backdrop of vertical grey panels, dressed in a grey jacket over a white undershirt. This transitions into a key scene where three men in suits, including Chris, are seated around a conference table in a high-rise office with large windows overlooking a city skyline, setting a formal business tone for the interview.
*   **26.56-58.43s:** Chris, resembling Will Smith, is animated and speaking with an open-mouthed expression, dressed in his grey jacket and white tank top in what appears to be a modern office. He gestures actively with both hands while explaining his situation to the group of five men in suits. The atmosphere is professional and serious, but Chris's energetic delivery adds a dynamic element. The interviewers listen with mostly neutral expressions.
*   **58.44-79.67s:** The scene remains focused on the interview within the modern office. The man on the left in a pinstripe suit reacts with a possibly surprised expression, aligning with his dialogue. An older man in a dark suit sits beside him, attentive. The keyframes continue to show the men in their formal setting, with Chris maintaining an earnest and focused demeanor as he answers questions.
*   **79.68-122.15s:** The interview continues, with Chris maintaining a serious expression as he looks towards the interviewers. The back of a person with white hair is visible in the foreground, opposite Chris, indicating an ongoing conversation. One of the interviewers, an older man with white hair, looks down at a document, asking questions about Chris's academic background. Chris's hands are clasped on the table, showing his focus.
*   **122.16-175.27s:** Chris, with a mustache and goatee, is visible from the chest up, maintaining a serious and earnest expression. The setting remains an office or interview room, with blurred figures and glass partitions in the background. His hands are clasped on the table. A comedic turning point occurs at this stage. Speaker 1 asks, ""Chris, what would you say if a guy walked in for an interview without a shirt on? And I hired him, what would you say?"" Chris, after a deliberate pause, delivers the humorous line, ""He must have had on some really nice pants,"" changing the mood from serious to lighthearted and eliciting an audible reaction (""Oh."") from Speaker 3 (Jay). Chris is then seen with a slight smile or smirk, looking confident.
*   **175.28-249.63s:** Following the interview, Chris, wearing his grey jacket, is seen with a slight smile, looking towards an out-of-focus person. Jay (Speaker 3) praises Chris: ""I don't know how you did it dressed as a garbage man, but you really pulled it off in there."" Chris thanks him, and Jay tells him to call him by his first name. Speaker 1 then attempts to informally offer Chris the position, saying, ""All right, we'll talk to you soon."" Chris misunderstands, replying, ""I'll let you know, Jay."" Speaker 1 clarifies, ""You'll you'll let me know, Jay."" Chris, confused, asks, ""What do you mean?"" Speaker 1 says, ""Yeah, I'll I'll give you a call tomorrow sometime and,"" but then immediately states, ""Listen. There's no salary."" This is a significant emotional turning point, as Chris's face shifts to a pensive, furrowed expression, and he expresses concern: ""No. I was not aware of that. My circumstances have changed some and I I need to be certain that I'll be able to Okay. Okay."" The scene shifts to Speaker 1 in a pinstripe suit, earnestly speaking in what appears to be a hallway, discussing Chris with Jay. Speaker 1 stresses, ""Tonight, I swear I will fill your spot. I promise."" Jay then expresses his frustration, warning Speaker 1 about the partners' perception if Chris backs out: ""You don't look like if you back out, you know what I'll look like to the partners?"" Speaker 1 responds directly, ""Yes, an ass."" Jay confirms, ""Yeah, an ass. All the way."" Jay concludes, ""You are a piece of work,"" emphasizing the intensity of the situation. The visual shows Speaker 1 with a serious and direct expression, facing the camera, while Jay's back is visible. Speaker 1's final word in the transcript is ""Tonight.""
*   **249.64-255.0s (End):** The video concludes visually with a brightly colored end screen graphic featuring a hot pink background. A white ""BINGE SOCIETY"" logo, resembling a film clapperboard, is in the upper center, flanked by two yellow rectangular video placeholders. ""SUBSCRIBE"" is prominently displayed in white at the bottom, followed by white social media icons for Instagram, Facebook, and Twitter. This is a static call-to-action screen, devoid of people or further narrative content.","**Main Activities:**
1. Chris Gardner arrives at the office, dressed in a casual outfit and explaining his presence.
2. A discussion about Gardner's background and qualities begins with colleagues expressing admiration for his earnestness and diligence.
3. The conversation shifts to Gardner’s recent arrest due to failure to pay parking tickets.
4. Colleagues discuss Gardner’s determination and intelligence, noting he has been seen multiple times at the office.
5. Gardner shares a story about being first in class during school days and in military training.
6. The video ends with a humorous exchange where Jay offers to fill Gardner's spot for an interview.

**Speakers:**
- SPEAKER_00: Chris Gardner
- SPEAKER_01: Jay (a colleague)
- SPEAKER_02: Mr. Twistle (likely another colleague)

**Visual Events:**
- [5.32s - 16.3s] OSS-VLM shows a man with short, dark hair and a mustache in a professional setting.
- [15.92s - 28.7s] A man standing in a room speaks or reacts to something off-camera.
- [26.56s - 48.8s] Two men seated at a conference table discuss, with one speaking and gesturing.
- [37.7s - 59.6s] A man stands in a modern office setting explaining his situation.
- [57.0s - 122.16s] Multiple scenes show three or more men engaged in discussions around tables.
- [143.40s - 180.9s] A man with a mustache, wearing a grey jacket, sits at a table and speaks to someone off-camera.
- [175.28s - 217.76s] Scenes show men in suits speaking or listening attentively.
- [249.64s - 255.0s] The video transitions to a static end screen with the ""Binge Society"" logo.

The emotional and comedic turning points are evident when Jay mentions that Gardner was arrested for failure to pay parking tickets, which shifts the mood from professional admiration to humor:

- [57.0s - 63.4s]
SPEAKER_01: And I ran all the way here from the Polk station, the police station.
SPEAKER_02: Chris, what would you say if a guy walked in for an interview without a shirt on?
- [185.9s - 232.5s]
SPEAKER_02: Chris, I don't know how you did it dressed as a garbage man, but you really pulled it off in there.
SPEAKER_02: You are a piece of work.

The video ends visually with the static end screen featuring the vibrant pink background and ""Binge Society"" logo.","This video features a memorable scene from the movie ""The Pursuit of Happyness.""

**Main Activities:**
The central activity is a job interview. Chris Gardner (played by Will Smith), dressed casually, arrives for an interview with several men in suits. He explains his appearance by confessing to being arrested for unpaid parking tickets. He then proceeds to answer questions about his determination and intellect, trying to impress the interviewers.

**Speakers:**
*   **Chris Gardner (Will Smith):** He is the main speaker, explaining his situation and answering questions with a mix of sincerity, wit, and determination. He acknowledges his less-than-ideal appearance and shares personal anecdotes to demonstrate his qualities.
*   **Interviewers:** There are four interviewers, dressed in suits. Two of them, particularly an older gentleman with white hair and a younger man with a patterned tie, actively question Chris. They initially appear skeptical but seem increasingly impressed by his responses.

**Visual Events:**
*   **Chris's Entrance:** Chris initially appears disheveled, running into the busy office area. He is visibly out of place among the smartly dressed professionals.
*   **The Interview Setting:** The interview takes place in a modern, well-lit office with large windows overlooking a city skyline. The interviewers are seated at a long, polished table.
*   **Chris's Demeanor:** Despite his appearance and the challenging questions, Chris maintains eye contact, speaks clearly, and uses expressive hand gestures, conveying his earnestness and intelligence.
*   **Reactions of Interviewers:** The interviewers' expressions shift from initial skepticism and amusement to attentiveness and increasing admiration as Chris speaks. They exchange glances, indicating their assessment of him.
*   **Subtle Humor:** There's a subtle comedic element, particularly when Chris admits to being arrested for parking tickets and states he was painting his apartment, leading to a quick exchange about whether it's dry now.

In essence, the video captures a critical moment where Chris Gardner, against all odds and appearances, attempts to secure a life-changing opportunity through sheer determination and honesty during a high-stakes job interview.","Answer: The video starts with a man standing in a busy office, observing people working. He then walks into a conference room where several men are seated. He shakes hands with a man named Chris Gardner, who is dressed formally. They sit down, and the man explains that he was arrested for failing to pay parking tickets. He then begins to interview the seated men, asking them questions about their business and their interest in hiring him. The men seem skeptical but eventually agree to hire him. The man then enters a courtroom where a judge is seated. He addresses the judge and expresses his gratitude for the opportunity. The video ends with a call to action to subscribe to a YouTube channel called Binge Society.",0.1138305,0.0386295,0.0,0.24,0.060018400000000006,0.075201
VIDEO_TOTAL,,frames=24,,,"This video clip from ""The Pursuit of Happyness"" features Chris Gardner (Will Smith) attending a job interview with several executives, most notably Jay.

**Main Activities:**
1.  **Arrival and Explanation:** Chris, visibly sweaty and disheveled, rushes into the professional office and then into a conference room, where several suited men are waiting for his interview. He immediately addresses his appearance, confessing he was arrested for unpaid parking tickets and had to run from the police station after painting his apartment, thus appearing in his current state.
2.  **Interview Questions:** The interviewers probe Chris about his background, his determination (as vouched for by Jay), and his intelligence. Chris confidently asserts his ability to find answers even if he doesn't know them initially.
3.  **Humorous Exchange:** The lead interviewer, Jay, poses a hypothetical question: ""What would you say if a guy walked in for an interview without a shirt on... and I hired him?"" After a pause, Chris cleverly replies, ""He must've had on some really nice pants,"" which makes the entire panel erupt in laughter.
4.  **Job Offer Discussion:** After the interview, as Chris is leaving, Jay praises him for his performance despite his appearance and tells him he can call him Jay. Chris then, to Jay's surprise, says he'll ""let him know"" about the job. Chris clarifies his hesitation, revealing he was unaware the internship was unpaid, and he needs to ensure he can support himself.
5.  **Final Exchange:** A tense but humorous exchange follows where Jay emphasizes that if Chris backs out, he'll look bad to the partners. Chris finishes Jay's sentence with a bleeped expletive (""an ass***""), and Jay, though frustrated, ultimately calls Chris ""a piece of work"" with a smile, still pushing for a decision by ""tonight.""

**Speakers:**
*   **Chris Gardner (Will Smith):** The job applicant, who explains his situation, answers questions, and delivers witty remarks.
*   **Jay (the main interviewer):** A senior executive who leads the interview, asks pointed questions, and ultimately offers Chris the position.
*   **Other Executives:** Several other suited men are present on the interview panel, asking follow-up questions and reacting to Chris's responses.
*   **Female Assistant:** Briefly introduces Chris at the start.

**Visual Events:**
*   Chris's sweaty, worn appearance contrasts sharply with the sleek, professional office and the executives' crisp suits.
*   The camera frequently cuts between Chris's expressive face and the reactions (surprise, amusement, eventual admiration) of the interview panel.
*   The wide shots of the conference room emphasize the formality of the situation against Chris's informality.
*   The laughter from the panel after Chris's joke marks a turning point in the interview's tone.
*   The final close-ups of Chris and Jay show their direct, slightly confrontational, but ultimately respectful and humorous exchange.","The video details a pivotal job interview and its immediate aftermath, revolving around Chris Gardner's determined pursuit of a position as a stockbroker trainee despite challenging circumstances. The narrative unfolds through a series of intense dialogues and observations within a professional office environment.

**Main Activities:**
1.  Chris Gardner undergoes a high-stakes job interview for a stockbroker trainee position, explaining his unconventional attire.
2.  The interviewers question Chris about his background, determination, and ability to learn the business.
3.  A comedic exchange regarding a hypothetical interviewee without a shirt lightens the mood.
4.  Chris is informally offered the trainee position, leading to a moment of unexpected hesitation due to its unpaid nature.
5.  An intense discussion ensues between one of the interviewers and his colleague about securing Chris's acceptance.

**Speakers:**
*   **Speaker 1:** An interviewer, likely a partner or senior manager, who primarily questions Chris and later discusses Chris with Jay.
*   **Speaker 2:** Chris Gardner, the determined job applicant.
*   **Speaker 3:** Jay, another interviewer or colleague of Speaker 1, who initially vouches for Chris and later expresses concern about Chris accepting the offer.

**Visual Events:**
*   **0:00-15.91s:** The video opens with a man, presumably Chris Gardner, looking intense and sweating, possibly rushing or under duress. He is seen with dark, curly hair and a mustache, wearing a light-colored, open-collared shirt. The setting is a busy office or professional environment with blurred figures in the background. The visual establishes a sense of urgency before the interview truly begins.
*   **15.92-26.55s:** Chris Gardner, now appearing more composed but still earnest, is visible from the chest up, moving towards the right against a backdrop of vertical grey panels, dressed in a grey jacket over a white undershirt. This transitions into a key scene where three men in suits, including Chris, are seated around a conference table in a high-rise office with large windows overlooking a city skyline, setting a formal business tone for the interview.
*   **26.56-58.43s:** Chris, resembling Will Smith, is animated and speaking with an open-mouthed expression, dressed in his grey jacket and white tank top in what appears to be a modern office. He gestures actively with both hands while explaining his situation to the group of five men in suits. The atmosphere is professional and serious, but Chris's energetic delivery adds a dynamic element. The interviewers listen with mostly neutral expressions.
*   **58.44-79.67s:** The scene remains focused on the interview within the modern office. The man on the left in a pinstripe suit reacts with a possibly surprised expression, aligning with his dialogue. An older man in a dark suit sits beside him, attentive. The keyframes continue to show the men in their formal setting, with Chris maintaining an earnest and focused demeanor as he answers questions.
*   **79.68-122.15s:** The interview continues, with Chris maintaining a serious expression as he looks towards the interviewers. The back of a person with white hair is visible in the foreground, opposite Chris, indicating an ongoing conversation. One of the interviewers, an older man with white hair, looks down at a document, asking questions about Chris's academic background. Chris's hands are clasped on the table, showing his focus.
*   **122.16-175.27s:** Chris, with a mustache and goatee, is visible from the chest up, maintaining a serious and earnest expression. The setting remains an office or interview room, with blurred figures and glass partitions in the background. His hands are clasped on the table. A comedic turning point occurs at this stage. Speaker 1 asks, ""Chris, what would you say if a guy walked in for an interview without a shirt on? And I hired him, what would you say?"" Chris, after a deliberate pause, delivers the humorous line, ""He must have had on some really nice pants,"" changing the mood from serious to lighthearted and eliciting an audible reaction (""Oh."") from Speaker 3 (Jay). Chris is then seen with a slight smile or smirk, looking confident.
*   **175.28-249.63s:** Following the interview, Chris, wearing his grey jacket, is seen with a slight smile, looking towards an out-of-focus person. Jay (Speaker 3) praises Chris: ""I don't know how you did it dressed as a garbage man, but you really pulled it off in there."" Chris thanks him, and Jay tells him to call him by his first name. Speaker 1 then attempts to informally offer Chris the position, saying, ""All right, we'll talk to you soon."" Chris misunderstands, replying, ""I'll let you know, Jay."" Speaker 1 clarifies, ""You'll you'll let me know, Jay."" Chris, confused, asks, ""What do you mean?"" Speaker 1 says, ""Yeah, I'll I'll give you a call tomorrow sometime and,"" but then immediately states, ""Listen. There's no salary."" This is a significant emotional turning point, as Chris's face shifts to a pensive, furrowed expression, and he expresses concern: ""No. I was not aware of that. My circumstances have changed some and I I need to be certain that I'll be able to Okay. Okay."" The scene shifts to Speaker 1 in a pinstripe suit, earnestly speaking in what appears to be a hallway, discussing Chris with Jay. Speaker 1 stresses, ""Tonight, I swear I will fill your spot. I promise."" Jay then expresses his frustration, warning Speaker 1 about the partners' perception if Chris backs out: ""You don't look like if you back out, you know what I'll look like to the partners?"" Speaker 1 responds directly, ""Yes, an ass."" Jay confirms, ""Yeah, an ass. All the way."" Jay concludes, ""You are a piece of work,"" emphasizing the intensity of the situation. The visual shows Speaker 1 with a serious and direct expression, facing the camera, while Jay's back is visible. Speaker 1's final word in the transcript is ""Tonight.""
*   **249.64-255.0s (End):** The video concludes visually with a brightly colored end screen graphic featuring a hot pink background. A white ""BINGE SOCIETY"" logo, resembling a film clapperboard, is in the upper center, flanked by two yellow rectangular video placeholders. ""SUBSCRIBE"" is prominently displayed in white at the bottom, followed by white social media icons for Instagram, Facebook, and Twitter. This is a static call-to-action screen, devoid of people or further narrative content.","**Main Activities:**
1. Chris Gardner arrives at the office, dressed in a casual outfit and explaining his presence.
2. A discussion about Gardner's background and qualities begins with colleagues expressing admiration for his earnestness and diligence.
3. The conversation shifts to Gardner’s recent arrest due to failure to pay parking tickets.
4. Colleagues discuss Gardner’s determination and intelligence, noting he has been seen multiple times at the office.
5. Gardner shares a story about being first in class during school days and in military training.
6. The video ends with a humorous exchange where Jay offers to fill Gardner's spot for an interview.

**Speakers:**
- SPEAKER_00: Chris Gardner
- SPEAKER_01: Jay (a colleague)
- SPEAKER_02: Mr. Twistle (likely another colleague)

**Visual Events:**
- [5.32s - 16.3s] OSS-VLM shows a man with short, dark hair and a mustache in a professional setting.
- [15.92s - 28.7s] A man standing in a room speaks or reacts to something off-camera.
- [26.56s - 48.8s] Two men seated at a conference table discuss, with one speaking and gesturing.
- [37.7s - 59.6s] A man stands in a modern office setting explaining his situation.
- [57.0s - 122.16s] Multiple scenes show three or more men engaged in discussions around tables.
- [143.40s - 180.9s] A man with a mustache, wearing a grey jacket, sits at a table and speaks to someone off-camera.
- [175.28s - 217.76s] Scenes show men in suits speaking or listening attentively.
- [249.64s - 255.0s] The video transitions to a static end screen with the ""Binge Society"" logo.

The emotional and comedic turning points are evident when Jay mentions that Gardner was arrested for failure to pay parking tickets, which shifts the mood from professional admiration to humor:

- [57.0s - 63.4s]
SPEAKER_01: And I ran all the way here from the Polk station, the police station.
SPEAKER_02: Chris, what would you say if a guy walked in for an interview without a shirt on?
- [185.9s - 232.5s]
SPEAKER_02: Chris, I don't know how you did it dressed as a garbage man, but you really pulled it off in there.
SPEAKER_02: You are a piece of work.

The video ends visually with the static end screen featuring the vibrant pink background and ""Binge Society"" logo.","This video features a memorable scene from the movie ""The Pursuit of Happyness.""

**Main Activities:**
The central activity is a job interview. Chris Gardner (played by Will Smith), dressed casually, arrives for an interview with several men in suits. He explains his appearance by confessing to being arrested for unpaid parking tickets. He then proceeds to answer questions about his determination and intellect, trying to impress the interviewers.

**Speakers:**
*   **Chris Gardner (Will Smith):** He is the main speaker, explaining his situation and answering questions with a mix of sincerity, wit, and determination. He acknowledges his less-than-ideal appearance and shares personal anecdotes to demonstrate his qualities.
*   **Interviewers:** There are four interviewers, dressed in suits. Two of them, particularly an older gentleman with white hair and a younger man with a patterned tie, actively question Chris. They initially appear skeptical but seem increasingly impressed by his responses.

**Visual Events:**
*   **Chris's Entrance:** Chris initially appears disheveled, running into the busy office area. He is visibly out of place among the smartly dressed professionals.
*   **The Interview Setting:** The interview takes place in a modern, well-lit office with large windows overlooking a city skyline. The interviewers are seated at a long, polished table.
*   **Chris's Demeanor:** Despite his appearance and the challenging questions, Chris maintains eye contact, speaks clearly, and uses expressive hand gestures, conveying his earnestness and intelligence.
*   **Reactions of Interviewers:** The interviewers' expressions shift from initial skepticism and amusement to attentiveness and increasing admiration as Chris speaks. They exchange glances, indicating their assessment of him.
*   **Subtle Humor:** There's a subtle comedic element, particularly when Chris admits to being arrested for parking tickets and states he was painting his apartment, leading to a quick exchange about whether it's dry now.

In essence, the video captures a critical moment where Chris Gardner, against all odds and appearances, attempts to secure a life-changing opportunity through sheer determination and honesty during a high-stakes job interview.","Answer: The video starts with a man standing in a busy office, observing people working. He then walks into a conference room where several men are seated. He shakes hands with a man named Chris Gardner, who is dressed formally. They sit down, and the man explains that he was arrested for failing to pay parking tickets. He then begins to interview the seated men, asking them questions about their business and their interest in hiring him. The men seem skeptical but eventually agree to hire him. The man then enters a courtroom where a judge is seated. He addresses the judge and expresses his gratitude for the opportunity. The video ends with a call to action to subscribe to a YouTube channel called Binge Society.",0.1138305,0.0386295,0.0,0.24,0.060018400000000006,0.075201
